orig_sciname,valid_name,aphia_id
abantennarius analis,antennatus analis,712499
abraliopsis morisi,abraliopsis (abraliopsis) morisii,878692
abudefduf luridus,similiparma lurida,889885
acanthastrea bowerbanki,homophyllia bowerbanki,886931
acanthastrea faviaformis,dipsastraea faviaformis,888171
acanthastrea hillae,homophyllia bowerbanki,886931
acanthastrea ishigakiensis,lobophyllia ishigakiensis,888146
acanthastrea lordhowensis,micromussa lordhowensis,886929
acanthastrea maxima,sclerophyllia maxima,834701
acanthastrea regularis,micromussa regularis,888165
acanthostracion guineensis,acanthostracion guineense,238343
acanthus ebracteatus,acanthus ebracteatus,344739
acanthus ilicifolius,acanthus ilicifolius,344740
acanthus volubilis,acanthus volubilis,344741
acentrogobius signatus,amoya signata,311258
acentronura australe,idiotropiscis australe,314681
acentronura dendritica,amphelikturus dendriticus,316266
acentronura larsonae,idiotropiscis larsonae,398438
achiroides melanorhijnchus,achiroides melanorhynchus,279489
acropora akajimensis,acropora donei,288198
acropora bifurcata,acropora hyacinthus,207044
acropora convexa,acropora millepora,207023
acropora copiosa,acropora muricata,207007
acentrogobius veliensis,no match,NA
acentronura lumnitzeri,no match,NA
phyllospadix japonicus,phyllospadix japonicus,374706
phyllospadix scouleri,phyllospadix scouleri,374707
phyllospadix serrulatus,phyllospadix serrulatus,374708
phyllospadix torreyi,phyllospadix torreyi,374709
platichthys bicoloratus,platichthys bicoloratus,305689
platygyra carnosus,platygyra carnosa,763555
plectorhinchus griseus,plectorhinchus schotaf,218551
plectranthias chungchowensis,plectranthias whiteheadi,279030
pleonosporium complanatum,pleonosporium complanatum,376447
plesiastrea devantieri,astrea devantieri,762422
pleuronichthys guttulatus,hypsopsetta guttulata,281128
pleuronichthys lighti,pleuronichthys cornutus,282291
pocillopora danae,pocillopora verrucosa,206954
pocillopora effusus,pocillopora effusa,763797
pocillopora eydouxi,pocillopora grandis,206952
pocillopora setichelli,pocillopora brevicornis,206951
poecilia butleri,poecilia butleri,1019678
polymesoda bengalensis,geloina bengalensis,987269
ponapella pihapiha,ponapella pihapiha,405079
porites baueri,porites lobata,207225
porites bernardi,porites gabonensis,288903
porites bernardi,NA,NA
porites duerdeni,porites duerdeni,411269
plectropomus marisrubri,no match,NA
pogonias courbina,no match,NA
poikilocarbo gaimardi,no match,NA
amphiroa galapagensis,amphiroa galapagensis,375526
anacropora matthai,anacropora matthaii,289240
anampses viridis,anampses caeruleopunctatus,218920
ancistrocheirus lesueuri,ancistrocheirus lesueurii,138747
ancistroteuthis lichtensteini,ancistroteuthis lichtensteinii,140647
angiola lineata,hinea lineata,759678
anguilla borneensis,anguilla borneensis,299349
anthias regalis,pseudanthias regalis,277476
antipodarctus aoteanus,crenarctus crenatus,382948
antithamnion veleroae,antithamnionella ternifolia,163275
aonyx cinereus,aonyx cinerea,404124
apagesoma delosommatus,apagesoma delosommatum,279638
apogon amboinensis,fibramia amboinensis,1043448
apogon compressus,ostorhinchus compressus,712653
apogon fleurieu,ostorhinchus fleurieu,319878
apogon margaritophorus,ostorhinchus margaritophorus,712671
apogon neotes,ostorhinchus neotes,712677
apogon notatus,ostorhinchus notatus,1023017
apogon rubrimacula,ostorhinchus rubrimacula,319884
apogon sealei,ostorhinchus sealei,712687
apogon semilineatus,ostorhinchus semilineatus,1022235
apogon wassinki,ostorhinchus wassinki,712693
archaeolithothamnion crosslandii,archaeolithothamnion crosslandii,404074
anous albivittus,no match,NA
anous ceruleus,no match,NA
porites ericacea,NA,NA
porites excavata,porites lobata,207225
porites excavata,NA,NA
porites latistella,porites latistellata,869070
porites sillimaniana,porites silimaniana,1507831
porites studeri,porites studeri,411273
porites tuberculosa,montipora tuberculosa,207156
porites tuberculosa,porites tuberculosus,760032
poritipora paliformis,goniopora paliformis,764226
poropanchax scheeli,poropanchax scheeli,1524441
posidonia angustifolia,posidonia angustifolia,374711
posidonia australis,posidonia australis,374712
posidonia coriacea,posidonia ostenfeldii,374713
posidonia denhartogii,posidonia denhartogii,374729
posidonia kirkmanii,posidonia kirkmanii,374730
posidonia oceanica,posidonia oceanica,145794
posidonia ostenfeldii,posidonia ostenfeldii,374713
posidonia sinuosa,posidonia sinuosa,374714
prionitis galapagensis,prionitis galapagensis,376411
prionitis hancockii,prionitis hancockii,376410
protosalanx chinensis,protosalanx chinensis,1419287
protosalanx chinensis,salanx chinensis,315539
provanna clathrata,provanna clathrata,874722
provanna cooki,provanna cooki,1383319
provanna fenestrata,provanna fenestrata,1363658
provanna lucida,provanna lucida,874721
provanna subglabra,provanna subglabra,874719
psammocora decussata,psammocora contigua,207267
psammocora explanulata,cycloseris explanulata,716292
psammocora haimeana,psammocora haimiana,718603
psammocora interstinctus,NA,NA
psammocora obtusangula,psammocora contigua,207267
psammocora ramosa,psammocora contigua,207267
psammocora ramosa,NA,NA
psammocora superficialis,psammocora profundacella,207271
psammocora vaughani,psammocora nierstraszi,207261
psammocora verrilli,psammocora nierstraszi,207261
psephurus gladius,psephurus gladius,1021135
pseudobagarius similis,pseudobagarius similis,1010542
pseudocaranx cheilio,pseudocaranx dentex,126812
pseudogobius melanosticta,pseudogobius melanostictus,282427
pseudogramma thaumasium,pseudogramma thaumasia,398485
pseudolabrus mortonii,pseudolabrus rubicundus,282440
pseudolaingia hancockii,paraglossum hancockii,840172
pseudomugil paludicola,pseudomugil paludicola,1383752
pseudophallus starksii,pseudophallus starksii,1026989
pseudophichthys macroporis,bathycongrus macroporis,1495518
pseudoscopelus albeolus,pseudoscopelus australis,398596
pseudoscopelus odontoglossum,pseudoscopelus odontoglossus,712798
pseudosiderastrea tayami,pseudosiderastrea tayamai,207272
pseudostichopus aemaulatus,pseudostichopus aemulatus,389029
pseudostichopus occulatatus,pseudostichopus occultatus,124587
psilotris amblyrhynchus,carrigobius amblyrhynchus,1043601
pseudaesopia callizona,no match,NA
psilotris batrachodes,cryptopsilotris batrachodes,1043472
psilotris celsus,psilotris celsa,712877
pterosiphonia paucicorticata,pterosiphonia paucicorticata,404156
pterothrissus belloci,nemoossis belloci,1043474
puffinus newelli,puffinus auricularis,343985
pugetia latiloba,pugetia latiloba,404158
pungitius tymensis,pungitius tymensis,1019714
quadrasiella clathrata,quadrasiella clathrata,405081
quadrasiella mucronata,quadrasiella mucronata,405083
quietula y-cauda,quietula y-cauda,282537
ranella olearia,ranella olearium,141115
ranella parthenopaeum,monoplex parthenopeus,476531
rehderiella parva,rehderiella parva,1325561
rhizoclonium robustum,rhizoclonium robustum,404159
rhizophora apiculata,rhizophora apiculata,235093
rhizophora mangle,rhizophora mangle,235094
rhizophora mangle,rhizophora racemosa,235096
rhizophora mucronata,rhizophora mucronata,235095
rhizophora racemosa,rhizophora racemosa,235096
pterodroma gouldi,no match,NA
puccinellia iberica,no match,NA
puffinus bailloni,no match,NA
puffinus bannermani,no match,NA
puffinus bryani,no match,NA
puffinus myrtae,no match,NA
puffinus subalaris,no match,NA
rhizophora samoensis,rhizophora samoensis,235097
rhizophora stylosa,rhizophora stylosa,235098
rhodymenia decumbens,rhodymenia decumbens,374130
roa modestus,roa modesta,475052
robsonella fontanianus,robsonella fontaniana,342384
roeboides dientonito,roeboides dientonito,1525139
ruppia cirrhosa,ruppia cirrhosa,416218
ruppia maritima,ruppia maritima,234031
ruppia megacarpa,ruppia megacarpa,495093
salinator solida,phallomedusa solida,549365
salmo coruhensis,salmo coruhensis,834890
sardinella dayi,sardinella jussieu,272272
sargassum albemarlense,sargassum albemarlense,375500
sargassum galapagense,sargassum galapagense,495137
sargassum setifolium,sargassum setifolium,404138
sargassum templetonii,sargassum templetonii,495138
rhonciscus crocro,no match,NA
rostroraja ackleyi,no match,NA
rostroraja bahamensis,no match,NA
rostroraja cervigoni,no match,NA
rostroraja equatorialis,no match,NA
rostroraja texana,no match,NA
rostroraja velezi,no match,NA
ruppia filifolia,no match,NA
sarcocornia mossambicensis,no match,NA
sargocentron suborbitalis,sargocentron suborbitale,1021098
saurida grandisquamis,saurida undosquamis,126371
saurida parri,saurida brasiliensis,158756
scaergus patagiatus,scaeurgus patagiatus,342054
scaergus unicirrhus,scaeurgus unicirrhus,140607
scaevatula amancicoi,scaevatula amancioi,434880
scaphula pinna,scaphula pinna,504462
scapophyllia cylindrica,merulina cylindrica,1465792
scarus pyrrostethus,scarus ghobban,219127
schismatogobius bruynisi,schismatogobius bruynisi,1017548
schismatogobius marmoratus,schismatogobius marmoratus,1421144
schizymenia ecuadoreana,schizymenia ecuadoreana,372966
scolymia australis,homophyllia australis,550314
scolymia vitiensis,lobophyllia vitiensis,888126
scolymia wellsi,scolymia wellsii,287854
scymnodon plunketi,centroscymnus plunketi,299090
scyphiphora hydrophylacea,scyphiphora hydrophyllacea,235104
sebastes paucispinus,sebastes paucispinis,274833
sebdenia rubra,sebdenia rubra,376417
sepia appellofi,sepia appelloefi,438905
sepia bartletti,NA,NA
sepia baxteri,NA,NA
sepia ramani,sepia pharaonis,181376
saundersilarus saundersi,no match,NA
sebastapistes pascuensis,no match,NA
sepiadarium kochi,sepiadarium kochii,342391
sepietta petersi,sepietta oweniana,141452
sepiola aurantiaca,adinaefiola aurantiaca,1437788
sepiola birostrata,lusepiola birostrata,1437797
sepiola knudseni,boletzkyola knudseni,1437791
sepiola ligulata,adinaefiola ligulata,1437787
sepiola parva,eumandya parva,1437794
sepiola pfefferi,adinaefiola pfefferi,1437789
sepiola rondeleti,sepiola rondeletii,141459
sepiola trirostrata,lusepiola trirostrata,1437798
septaria borbonica,septaria porcellana borbonica,1478147
seriatopora dendritica,seriatopora dentritica,288066
seriatopora guttatus,seriatopora guttata,763800
seriola aureovittata,seriola lalandi,218436
seriola dorsalis,seriola lalandi,218436
sermyla riqueti,sermyla riquetii,757054
serranus dewegeri,paralabrax dewegeri,282055
sicydium brevifile,sicydium brevifile,1019857
sicydium plumieri,sicydium plumieri,282779
sicydium punctatum,sicydium punctatum,282780
sicyopterus cynocephalus,sicyopterus cynocephalus,1022565
sicyopterus longifilis,sicyopterus longifilis,1017537
sicyopterus microcephalus,sicyopterus microcephalus,1016381
sicyopterus ouwensi,sicyopterus ouwensi,1017356
sicyopterus parvei,sicyopterus parvei,1460876
sicyopus discordipinnis,sicyopus discordipinnis,1010820
sicyopus multisquamatus,sicyopus multisquamatus,1017508
siderastrea glynni,siderastrea siderea,207516
silhouettea nuchipunctatus,silhouettea nuchipunctata,273475
sirembo amaculata,sirembo imberbis,282810
smilosicyopus leprurus,smilosicyopus leprurus,712901
solea triophthalma,pegusa triophthalma,274308
sonneratia alba,sonneratia alba,235107
sonneratia apetala,sonneratia apetala,235108
sonneratia caseolaris,sonneratia caseolaris,235109
sonneratia griffithii,sonneratia griffithii,235110
sonneratia griffithii,sonneratia alba,235107
sonneratia lanceolata,sonneratia lanceolata,235305
sonneratia ovata,sonneratia ovata,235111
spartina alterniflora,spartina alterniflora,234072
spatoglossum ecuadoreanum,spatoglossum ecuadoreanum,375486
spatoglossum schmittii,spatoglossum schmittii,375487
speculator cariosus,speculator cariosus,458591
spergularia marina,spergularia salina,395048
sporochnus rostratus,sporochnus rostratus,375492
spratelloides atrofasciatus,spratelloides gracilis,212263
squalus acutipinnis,squalus megalops,105925
starksia y-lineata,starksia y-lineata,276389
stegostoma tigrinum,stegostoma fasciatum,220032
soleichthys multifasciatus,no match,NA
soleichthys nigrostriolatus,no match,NA
stenogobius keletaona,stenogobius keletaona,1008839
stenogobius lachneri,stenogobius lachneri,1011267
stenogobius laterisquamatus,stenogobius laterisquamatus,1018353
stenogobius psilosinionus,stenogobius psilosinionus,1011216
stenogobius watsoni,stenogobius watsoni,1384322
stephanolepis auratus,stephanolepis aurata,220077
stichopus mollis,australostichopus mollis,529443
stichopus paradoxus,stichopus paradoxus,242059
stiphodon carisa,stiphodon carisa,1008535
stiphodon maculidorsalis,stiphodon maculidorsalis,835073
stiphodon ornatus,stiphodon ornatus,1012910
stiphodon rutilaureus,stiphodon rutilaureus,1010748
stiphodon semoni,stiphodon semoni,1019316
stiphodon zebrinus,stiphodon zebrinus,1010440
stolephorus bataviensis,stolephorus waitei,212282
stolephorus baweanensis,stolephorus insularis,212284
stolephorus bengalensis,stolephorus baganensis,275318
stonogobiops xanthorhinica,stonogobiops xanthorhinicus,279109
stylocoeniella muscosus,NA,NA
suriana maritima,suriana maritima,418703
symphodus melanocercus,centrolabrus melanocercus,1022907
symphurus civitatium,symphurus civitatum,305637
stenothyra perdives,no match,NA
stolephorus oceanicus,no match,NA
stomias pacificus,no match,NA
symphurus holothuriae,symphurus microrhynchus,219861
symphurus septemstriata,symphurus septemstriatus,274274
symphyllia agaricia,lobophyllia agaricia,888135
symphyllia erythraea,lobophyllia erythraea,888142
symphyllia hassi,lobophyllia hassi,888143
symphyllia radians,lobophyllia radians,888141
symphyllia recta,lobophyllia recta,888140
symphyllia valenciennesii,lobophyllia valenciennesii,888145
symphyllia wilsoni,australophyllia wilsoni,886935
synagrops microlepis,kaperangus microlepis,1486838
synagrops spinosus,parascombrops spinosus,1486846
synagrops trispinosus,caraibops trispinosus,1486847
synallactes angustus,bathyplotes angustus,848290
synallactes crebrapapilla,bathyplotes crebrapapilla,848291
synallactes pellucidus,bathyplotes pellucidus,848292
synallactes triplax,bathyplotes triplax,848294
synchiropus dagmarae,foetorepus dagmarae,276342
syngnathus caspius,syngnathus abaster,127386
synodus houlti,synodus variegatus,217670
synodus pacificus,synodus pacificus,1524544
syringodium filiforme,syringodium filiforme,374715
syringodium isoetifolium,syringodium isoetifolium,374716
taeniurops grabatus,taeniura grabata,105855
takifugu orbimaculatus,takifugu orbimaculatus,1012021
tabebuia palustris,no match,NA
tarletonbeania tenua,tarletonbeania crenularis,282927
tenarea erecta,tenarea erecta,375522
tetracheledone spinicirrus,tetracheledone spinicirrhus,342400
tetraodon fluviatilis,dichotomyctere fluviatilis,1013871
thaanumella angulosa,thaanumella angulosa,405095
thaanumella cookei,thaanumella cookei,405097
thalasseus bengalensis,sterna bengalensis,137158
thalasseus bergii,sterna bergii,212606
thalasseus bernsteini,sterna bernsteini,343928
thalasseus elegans,sterna elegans,225959
thalasseus maximus,sterna maxima,137163
thalasseus sandvicensis,sterna sandvicensis,137166
thalassia hemprichii,thalassia hemprichii,208931
thalassia testudinum,thalassia testudinum,374720
thalassodendron ciliatum,thalassodendron ciliatum,220228
thalassodendron leptocaule,thalassodendron leptocaule,1356626
thalassodendron pachyrhizum,thalassodendron pachyrizum,374717
thaumastocheles dochmiodon,thaumastocheles japonicus,382870
thaumeledone rotunda,bentheledone rotunda,342284
thymichthys politus,sympterichthys politus,321715
trachinocephalus trachinus,trachinocephalus myops,158884
trachipterus arawatae,trachipterus jacksonensis,272534
tridentiger kuroiwae,tridentiger kuroiwae,298283
thiara paludomoidea,no match,NA
trigla macrodactylus,no match,NA
arcos poecilophthalmus,arcos poecilophthalmos,279684
arctocephalus forsteri,arctocephalus australis forsteri,477318
arctocephalus townsendi,arctocephalus philippii townsendi,477319
ardenna bulleri,puffinus bulleri,225986
ardenna gravis,puffinus gravis,137201
ardenna grisea,puffinus griseus,137202
ardenna pacifica,puffinus pacificus,212634
ardenna tenuirostris,puffinus tenuirostris,225770
argiodia maculata,holothuria (microthele) maculata,529814
argonauta boettgeri,argonauta hians,215276
argonauta nodosa,argonauta nodosus,1530663
ariomma melanum,ariomma melana,403239
ariopsis assimilis,ariopsis assimilis,308392
ariopsis seemanni,ariopsis seemanni,293653
ariosoma major,ariosoma majus,1524875
asparagopsis svedelii,asparagopsis svedelii,375507
asperoteuthis nesisi,asperoteuthis lui,410336
assiminea beddomeana,austropilula beddomeana,1308264
assiminea hungerfordiana,assiminea hungerfordiana,1452411
assiminea infirma,angustassiminea infima,845920
assiminea latericea,pseudomphala latericea,765249
arctoraja sexoculata,no match,NA
ardenna carneipes,no match,NA
ardenna creatopus,no match,NA
ariosoma kapala,no match,NA
trigloporus lastoviza,chelidonichthys lastoviza,127261
trimma omanensis,trimma omanense,278509
trimma unisquamis,trimma unisquame,1486864
triphoturus microchir,triphoturus nigrescens,217721
trypauchenopsis intermedia,trypauchenopsis intermedia,1018734
turbinaria peltata,duncanopsammia peltata,1469809
tylochromis praecox,tylochromis praecox,1316445
tympanotonos fuscatus,tympanotonos fuscatus,527570
typhlatya iliffei,typhlatya iliffei,246477
umbrina robinsoni,umbrina ronchus,127013
upeneus guttatus,upeneus guttatus,1013371
uroteuthis duvauceli,uroteuthis (photololigo) duvaucelii,574517
uroteuthis pickfordi,uroteuthis pickfordae,410412
valamugil buchanani,crenimugil buchanani,1042834
valamugil robustus,osteomugil robustus,1042880
vanderhorstia phaeostictus,vanderhorstia phaeosticta,1008780
vanvoorstia bennettiana,vanvoorstia bennettiana,374962
varicus imswe,paedovaricus imswe,1043483
ventsia tricarinata,ventsia tricarinata,536892
vetulonia phalcata,vetulonia phalcata,758202
vieja fenestrata,vieja fenestrata,1018518
villorita cornucopia,villorita cyprinoides,987300
urile pelagicus,no match,NA
urile penicillatus,no match,NA
urile urile,no match,NA
wrayanna soluta,wrayanna soluta,405102
xenojulis margaritaceus,xenojulis margaritacea,283185
xenomugil thoburni,mugil thoburni,293658
xylocarpus granatum,xylocarpus granatum,235064
xylocarpus moluccensis,xylocarpus moluccensis,235066
xylodiscula analoga,xylodiscula analoga,181095
xylodiscula major,xylodiscula major,536907
xyrichtys koteamea,novaculops koteamea,1009528
xyrichtys sciistius,novaculops sciistius,1017252
xyrichtys trivittatus,iniistius trivittatus,475094
xyrichtys woodi,novaculops woodi,319690
yongeichthys nebulosus,acentrogobius nebulosus,312542
zebrasoma veliferum,zebrasoma velifer,712902
zenarchopterus caudovittatus,zenarchopterus caudovittatus,1018328
zenarchopterus novaeguineae,zenarchopterus novaeguineae,991308
zostera asiatica,zostera asiatica,374699
zostera caespitosa,zostera caespitosa,495076
zostera capensis,zostera subg. zosterella capensis,220229
zostera caulescens,zostera caulescens,495083
zostera chilensis,zostera chilensis,593701
zostera japonica,zostera japonica,495080
zostera marina,zostera subg. zostera marina,145795
zostera muelleri,zostera muelleri,495081
zebrias annularis,no match,NA
zostera geojeensis,no match,NA
zostera nigricaulis,zostera nigricaulis,593702
zostera noltii,zostera noltei,495082
zostera polychlamys,zostera polychlamys,593703
zostera tasmanica,zostera tasmanica,555296
zosterocarpus abyssicola,zosterocarpus abyssicola,375482
zostera pacifica,no match,NA
assiminea pecos,assiminea pecos,404991
astreopora eliptica,astreopora myriophthalma,207128
astronesthes formosana,astronesthes formosanus,390128
astroscopus y-graecum,astroscopus ygraecum,159252
atherinella crystallina,atherinella crystallina,1467911
auriglobus modestus,auriglobus modestus,1021823
australomussa rowleyensis,lobophyllia rowleyensis,888123
austrofolium equatorianum,austrofolium equatorianum,375722
austrofolium howellii,austrofolium howellii,375723
avicennia alba,avicennia alba,235034
avicennia bicolor,avicennia bicolor,235035
avicennia germinans,avicennia germinans,235037
avicennia integra,avicennia integra,235038
avicennia marina,avicennia marina,235040
avicennia officinalis,avicennia officinalis,235041
avicennia rumphiana,avicennia marina subsp. rumphiana,709275
avicennia schaueriana,avicennia schaueriana,235043
awaous acritosus,awaous acritosus,1010924
awaous personatus,awaous personatus,1021866
ayarnangra estuarius,ayarnangra estuarius,1009916
barabattoia amicorum,dipsastraea amicorum,762753
barabattoia laddi,dipsastraea laddi,762754
assiminea obtusa,no match,NA
aulopareia ocellata,no match,NA
azygopus flemingi,no match,NA
batagur baska,batagur baska,1457593
bathophilus longipes,bathophilus digitatus,127330
bathophilus metallicus,bathophilus vaillanti,127333
bathyplotes crenulata,bathyplotes crenulatus,528940
bathyplotes golden-hindi,bathyplotes goldenhindi,848011
bathyplotes pourtalesii,bathyplotes pourtalesii,124553
bathyplotes spuma,benthodytes spuma,529275
bathyplotes tizardi,bathyplotes natans,124549
bathyraja kincaidii,bathyraja interrupta,271515
bathyraja microtrachys,bathyraja trachura,271538
batillaria mutata,batillaria mutata,574895
batissa similis,batissa laevigata,992011
batrachoides goldmani,batrachoides goldmani,1018770
bembrops greyi,bembrops greyae,309697
benthophilus macrocephalus,benthophilus macrocephalus,298195
benthothuria cristata,benthothuria cristata,528941
benthothuria distorta,benthothuria distorta,528943
benthothuria funebris,benthothuria funebris,124556
benthothuria fusiformis,benthothuria fusiformis,529446
bifurcaria galapagensis,bifurcaria galapagensis,374785
batagur affinis,no match,NA
batagur borneoensis,no match,NA
berardius minimus,no match,NA
bidenichthys paxtoni,no match,NA
bidenichthys slartibartfasti,no match,NA
blennodon dorsale,blennodon dorsalis,313909
bohadschia similis,bohadschia vitiensis,210759
bohadschia tenuissima,bohadschia vitiensis,210759
bollmannia longpinnus,bollmannia ocellata,279936
bothus thompsoni,bothus myriaster,219794
botryocladia darwinii,botryocladia darwinii,375089
bruguiera cylindrica,bruguiera cylindrica,234496
bruguiera exaristata,bruguiera exaristata,235081
bruguiera gymnorhiza,bruguiera gymnorrhiza,235082
bruguiera hainesii,bruguiera ×hainesii,235083
bruguiera parviflora,bruguiera parviflora,235084
bruguiera sexangula,bruguiera sexangula,235085
bryconalestes longipinnis,brycinus longipinnis,280002
bucephala clangula,bucephala clangula,159197
calathiscus tantillus,goniopora tantillus,764222
callimachus rancureli,walvisteuthis rancureli,850553
callimachus youngorum,walvisteuthis youngorum,850554
callionymus sanctaehelenae,callionymus bairdi,159626
callistoctopus kermadecensis,pinnoctopus kermadecensis,724068
callithamnion ecuadoreanum,callithamnion ecuadoreanum,376425
callithamnion epiphyticum,callithamnion epiphyticum,376426
calyptogena magnifica,turneroconcha magnifica,1445254
camptostemon philippinensis,camptostemon philippinensis,344743
brownlowia argentata,no match,NA
brownlowia tersa,no match,NA
camptostemon schultzii,camptostemon schultzii,235047
cantherhines multilineatus,thamnaconus multilineatus,713842
caranx bartholomaei,carangoides bartholomaei,159630
carettochelys insculpta,carettochelys insculpta,1389958
carex paleacea,carex paleacea,577503
caspia gmelinii,clathrocaspia gmelinii,1332957
catathyridium grandirivi,catathyridium grandirivi,1525509
catharacta antarctica,stercorarius antarcticus,567471
catharacta chilensis,stercorarius chilensis,567472
catharacta maccormicki,stercorarius maccormicki,422607
catharacta skua,stercorarius skua,137174
cathorops arenatus,cathorops arenatus,1022317
cathorops taylori,cathorops taylori,314016
caulastrea connata,astraeosmilia connata,762424
caulastrea curvata,astraeosmilia curvata,1487790
caulastrea echinulata,caulastraea echinulata,289576
caulastrea furcata,caulastraea furcata,289577
caulastrea tumida,astraeosmilia tumida,1487797
centropyge interruptus,centropyge interrupta,712745
centropyge loricula,centropyge loriculus,402161
centroselachus crepidater,centroscymnus crepidater,105908
cephaloscyllium formosanum,cephaloscyllium umbratile,277104
carex lyngbyei,no match,NA
carex pluriflora,no match,NA
carex subspathacea,no match,NA
cephaloscyllium sarawakensis,cephaloscyllium sarawakense,398246
ceramium hoodii,ceramium hoodii,376448
ceramium howellii,ceramium howellii,375547
ceramium prostratum,ceramium prostratum,377025
ceramium templetonii,ceramium templetonii,377051
ceriops australis,ceriops australis,344707
ceriops decandra,ceriops decandra,235087
ceriops tagal,ceriops tagal,235088
ceriops zippeliana,ceriops zippeliana,742488
cerithidea pliculosa,cerithideopsis pliculosa,758582
cheimarrichthys fosteri,cheimarrichthys fosterae,280138
cheimerius matsubarai,amamiichthys matsubarai,1524746
chelon melinopterus,planiliza melinoptera,1509596
chiasmodon lavenbergi,chiasmodon pluriradiatus,712796
chilina patagonica,chilina patagonica,767433
chiloscyllium burmensis,chiloscyllium burmense,277828
chiloscyllium hasselti,chiloscyllium hasseltii,277830
chimaera ogilbyi,hydrolagus ogilbyi,271416
chinchaysuyoa ortegai,chinchaysuyoa ortegai,1493345
chiroteuthis veranyi,chiroteuthis veranii,139125
chlorophthalmus productus,chlorophthalmus agassizi,126336
chondria flexicaulis,chondria flexicaulis,376459
chondrus albemarlensis,chondrus albemarlensis,376422
chondrus hancockii,chondrus hancockii,376421
cerberus australis,no match,NA
acropora efflorescens,acropora cytherea,207095
acropora elegantula,acropora elegantula,430643
acropora formosa,acropora muricata,207007
acropora forskali,acropora forskali,207121
acropora haimei,NA,NA
acropora inermis,acropora microphthalma,207046
acropora insignis,acropora selago,207040
acropora irregularis,acropora abrotanoides,207083
acropora khayranensis,NA,NA
acropora lianae,acropora loripes,207074
acropora macrostoma,acropora tenuis,207105
acropora maryae,acropora squarrosa,207053
acropora massawensis,acropora polystoma,207050
acropora meridiana,isopora brueggemanni,730688
acropora minuta,acropora palmerae,207049
acropora navini,acropora longicyathus,207114
acropora nobilis,acropora robusta,207000
acropora ocellata,acropora humilis,207094
acropora orbicularis,acropora clathrata,207075
acropora pagoensis,acropora eurystoma,207108
acropora paragemmifera,NA,NA
acropora parahemprichii,acropora austera,207052
acropora parapharaonis,acropora valida,207072
acropora parilis,acropora horrida,207006
acropora pectinatus,acropora pectinata,763782
chriolepis minutillus,chriolepis minutilla,280171
chrysichthys furcatus,chrysichthys nigrodigitatus,581699
chrysichthys maurus,chrysichthys maurus,581698
cichlasoma orinocense,cichlasoma orinocense,1012137
cirroctopus antarctica,cirroctopus antarcticus,342258
citharichthys uhleri,citharichthys uhleri,422563
clithon faba,clithon faba,737540
cociella crocodila,cociella crocodilus,398453
collisella edmitchelli,lottia edmitchelli,594478
conacmella vagans,conacmella vagans,404998
congriscus megastomus,congriscus megastoma,280374
conocarpus erectus,conocarpus erectus,418734
conus aculeiformis,conasprella aculeiformis,835351
conus acutimarginatus,conasprella acutimarginata,1350017
conus alisi,conasprella alisi,834380
conus anaglypticus,conasprella anaglyptica,836199
conus aphrodite,conasprella aphrodite,580165
conus archetypus,conus ziczac archetypus,754882
conus arcuatus,conasprella arcuata,835890
conus arcuatus,conasprella emarginata,835894
conus armiger,conasprella armiger,835306
conus articulatus,conasprella articulata,580166
conus atlanticoselvagem,conus trochulus,225076
conus baccatus,conasprella baccata,836464
conus baileyi,conasprella baileyi,580167
clenchiella microscopica,no match,NA
conus bajanensis,conasprella bajanensis,835308
conus biancae,conus archiepiscopus,215515
conus biraghii,lilliconus biraghii,580586
conus boholensis,conasprella boholensis,834365
conus bonfiglioli,conus bonfigliolii,723808
conus boschorum,pseudolilliconus boschorum,574728
conus boucheti,conasprella boucheti,834367
conus bozzettii,conasprella bozzettii,580168
conus branhamae,conasprella branhamae,1350022
conus cacao,conus mercator,224287
conus caillaudi,conus caillaudii,426438
conus cakobaui,profundiconus cakobaui,581029
conus californicus,californiconus californicus,581058
conus centurio,conasprella centurio,835892
conus claudiae,conus galeao,1053693
conus comatosa,conasprella comatosa,835353
conus coromandelicus,conasprella coromandelica,835980
conus crioulus,conus maioensis,224956
conus damasoi,conasprella damasoi,836468
conus delessertii,conasprella delessertii,835976
conus delucai,conasprella delucai,1350063
conus derrubado,conus damottai,224826
conus dictator,conasprella dictator,835361
conus dieteri,conasprella dieteri,751385
conus dondani,profundiconus dondani,751666
conus eduardi,conus milneedwardsi eduardi,758035
conus elegans,conus taurinensis,1466409
conus elegans,conasprella elegans,835364
conus elegans,conasprella saecularis,835418
conus emarginatus,conasprella emarginata,835894
conus emersoni,profundiconus emersoni,581031
conus eucoronatus,conasprella eucoronata,580169
conus eugrammatus,conasprella eugrammata,580170
conus evorai,conus crotchii,224817
conus exquisitus,conus cardinalis,426444
conus fantasmalis,conus fuscoflavus,224879
conus fijiensis,conasprella fijiensis,835371
conus fontonae,conus cuneolus,224821
conus frausseni,profundiconus frausseni,581032
conus gabrielae,conus negroides,429428
conus gabryae,conus australis,430463
conus gordyi,conasprella gordyi,580171
conus guidopoppei,conasprella guidopoppei,835373
conus henckesi,conasprella henckesi,836474
conus hivanus,conasprella hivana,1291293
conus hopwoodi,conasprella hopwoodi,835378
conus howelli,conasprella howelli,835333
conus hybridus,conus franciscanus,429965
conus hypochlorus,conasprella insculpta,835382
conus ichinoseana,conasprella ichinoseana,835380
conus ikedai,profundiconus ikedai,581033
conus insculptus,conasprella insculpta,835382
conus ione,conasprella ione,835341
conus irregularis,conus crotchii,224817
conus jaspideus,conasprella jaspidea,836687
conus jaspideus,conus algoensis,225448
conus jeanmartini,profundiconus jeanmartini,581034
conus joliveti,conasprella joliveti,835404
conus kanakinus,profundiconus kanakinus,751667
conus kimioi,conasprella kimioi,834382
conus kohni,conasprella kohni,835900
conus korni,pseudolilliconus korni,581132
conus kuiperi,pseudolilliconus kuiperi,581131
conus lani,profundiconus lani,581035
conus largillierti,conus largilliertii,429839
conus lenhilli,conasprella lenhilli,835312
conus lentiginosus,conasprella lentiginosa,835402
conus lizarum,conasprella lizarum,835409
conus longurionis,conasprella longurionis,835411
conus loroisii,conus buxeus loroisii,428943
conus loyaltiensis,profundiconus loyaltiensis,581036
conus lucidus,conasprella lucida,836697
conus luquei,conus delanoyae,224847
conus mahogani,conasprella mahogani,836699
conus mazei,conasprella mazei,835315
conus mcgintyi,conasprella mcgintyi,835304
conus melissae,conus longilineus,224911
conus memiae,conasprella memiae,834374
conus messiasi,conus fuscoflavus,224879
conus mindanus,conasprella mindana,836701
conus mordeirae,conus cuneolus,224821
conus neoguttatus,conus lineopunctatus,429427
conus nodiferus,conasprella nodifera,1350015
conus olgae,conus havanensis,420212
conus orbignyi,conasprella orbignyi,835413
conus otohimeae,conasprella otohimeae,834376
conus pacei,conasprella pacei,835317
conus pacificus,profundiconus pacificus,746716
conus pagodus,conasprella pagoda,580164
conus pealii,conasprella pealii,1350018
conus pepeiu,conasprella pepeiu,580173
conus perplexus,conasprella perplexa,836707
conus phuketensis,conus pretiosus,428979
conus pineaui,conus guinaicus,224280
conus profundorum,profundiconus profundorum,580594
conus pseudoaurantius,conus pseudaurantius,428251
conus pseudocuneolus,conus cuneolus,224821
conus pseudokimioi,conasprella pseudokimioi,834384
conus pseudorbignyi,conasprella pseudorbignyi,835416
conus puncticulatus,conasprella puncticulata,836771
conus pusio,conus melvilli,428205
conus pusio,conasprella pusio,836775
conus rachelae,conasprella rachelae,835902
conus rainesae,conasprella rainesae,835319
conus raoulensis,conasprella raoulensis,835343
conus roberti,conasprella roberti,835321
conus rutilus,conasprella rutila,835977
conus saecularis,conasprella saecularis,835418
conus sagei,lilliconus sagei,580587
conus salreiensis,conus crotchii,224817
conus sanderi,conus villepinii,420226
conus sauros,conasprella sauros,835323
conus sazanka,conus martensi,428203
conus schirrmeisteri,conasprella schirrmeisteri,1350081
conus scopulicola,profundiconus scopulicola,430125
conus selenae,artemidiconus selenae,577955
conus serranegrae,conus cuneolus,224821
conus sieboldii,conasprella sieboldii,835345
conus smirna,profundiconus smirna,581038
conus speciosissimus,conus magellanicus,428197
conus spirofilis,conasprella spirofilis,835349
conus stearnsii,conasprella stearnsii,836785
conus stocki,conasprella stocki,835420
conus subulatus,conus subulatus,429913
conus taslei,conus guinaicus,224280
conus teodorae,conus crotchii,224817
conus teramachii,profundiconus teramachii,581028
conus tiki,conasprella tiki,580174
conus tirardi,conasprella tirardi,1291291
conus tornatus,conasprella tornata,836787
conus traillii,pygmaeconus traillii,986853
conus traversianus,conasprella traversiana,835423
conus tuberculosus,profundiconus tuberculosus,751669
conus vaubani,profundiconus vaubani,581039
conus vimineus,conasprella viminea,835425
conus wakayamaensis,conasprella wakayamaensis,580172
conus worki,conus eversoni,426491
conus ximenes,conasprella ximenes,836189
coregonus subautumnalis,coregonus subautumnalis,1015692
coregonus widegreni,coregonus widegreni,404077
coscinaraea columna,psammocora columna,766867
coscinaraea exesa,psammocora exesa,766865
coscinaraea wellsi,cycloseris wellsi,716291
craterestrea levis,craterastrea levis,216131
crocodylus niloticus,crocodylus niloticus,1034995
cycloteuthis serventyi,cycloteuthis sirventi,139472
cyclothone pseudoacclinidens,cyclothone acclinidens,127282
cymatium parthenopaeum,monoplex parthenopeus,476531
cymodocea angustata,cymodocea angustata,374728
cymodocea nodosa,cymodocea nodosa,145793
cymodocea rotundata,cymodocea rotundata,208921
cymodocea serrulata,oceana serrulata,1473917
cynoglossus brachycephalus,cynoglossus kopsii,219856
cynoglossus cleopatridis,cynoglossus dollfusi,274200
cynoglossus feldmanni,cynoglossus feldmanni,1026886
cynoglossus microphthalmus,cynoglossus capensis,219854
cynoglossus praecisus,cynoglossus kopsii,219856
cynoglossus quadrilineatus,cynoglossus bilineatus,219846
cynoglossus quadriocellatus,cynoglossus quadriocellatus,1536373
cynoglossus versicolor,cynoglossus kopsii,219856
cyprinodon riverendi,cyprinodon riverendi,1014931
cysticus gutta,plesiocystiscus gutta,489331
cysticus josephinae,plesiocystiscus josephinae,489332
dagetichthys albomaculatus,synaptura albomaculata,274313
dagetichthys commersonnii,synaptura commersonnii,274315
dagetichthys lusitanica,dagetichthys lusitanicus,403345
dagetichthys marginatus,synaptura marginata,219835
dasyscopelus orientalis,myctophum orientale,272724
datnioides microlepis,datnioides microlepis,1021577
dentiraja falloarga,dentiraja falloargus,1043488
dermogenys collettei,dermogenys collettei,1009918
desbruyeresia armata,desbruyeresia armata,1363656
desbruyeresia costata,desbruyeresia costata,1363657
desbruyeresia marianaensis,desbruyeresia marianaensis,449954
desbruyeresia marisindica,desbruyeresia marisindica,396135
desbruyeresia melanioides,desbruyeresia melanioides,449955
desmarestia tropica,desmarestia tropica,375493
cynometra iripa,no match,NA
dasyscopelus brachygnathos,no match,NA
diapterus aureolus,deckertichthys aureolus,1043458
dichocoenia stellaris,dichocoenia stokesii,289807
dictyopteris diaphana,dictyopteris diaphana,375489
dictyota galapagensis,dictyota galapagensis,377140
dictyota major,dictyota major,220785
diomedea amsterdamensis,diomedea amsterdamensis,405082
diplophos proximus,diplophos taenia,127292
diploria clivosa,pseudodiploria clivosa,828326
diploria strigosa,pseudodiploria strigosa,718718
dipturus chilensis,dipturus chilensis,271542
dipturus leptocaudus,dipturus leptocauda,271552
dipturus nasutus,zearaja nasuta,398319
dipturus trachydermus,dipturus trachyderma,271562
doiichthys novaeguineae,nedystoma novaeguineae,281642
doryichthys boaja,doryichthys boaja,1026993
doryteuthis plei,doryteuthis (doryteuthis) pleii,410356
dracogyra subfuscus,dracogyra subfusca,1047923
drombus bontii,gobius bontii,302950
echinophyllia echinata,oxypora echinata,1349604
echinopora pacificus,echinopora pacifica,1341443
ectochaete perforans,entocladia thivyae,404161
eisenia galapagensis,eisenia galapagensis,375494
dipturus maugeanus,no match,NA
dolichandrone spathacea,no match,NA
dussumieria albulina,no match,NA
elacatinus inornatus,tigrigobius digueti,1011464
elacatinus janssi,tigrigobius janssi,1012362
elacatinus nesiotes,tigrigobius nesiotes,1043431
elacatinus rubrigenis,tigrigobius rubrigenis,1376245
eleotris acanthopomus,eleotris acanthopomus,311038
encrasicholina pseudoheteroloba,encrasicholina heteroloba,219980
engyprosopon annulatum,engyprosopon annulatus,277387
engyprosopon kushimotoense,engyprosopon kushimotoensis,398681
engyprosopon sechellense,engyprosopon sechellensis,219799
enhalus acoroides,enhalus acoroides,208932
eogonatus tinro,gonatopsis okutanii,342330
epinephelus geoffroyi,epinephelus chlorostigma,218199
epinephelus moara,epinephelus bruneus,273840
eptatretus lopheliae,rubicundus lopheliae,1043436
equetus lanceolatus,eques lanceolatus,1389965
erythrastrea flabellata,oulophyllia wellsi,1487779
etrumeus jacksoniensis,etrumeus teres,158693
eucinostomus lefroyi,ulaema lefroyi,322267
eugerres awlae,eugerres plumieri,280743
eugerres periche,eugerres brevimanus,280740
enteroctopus californicus,no match,NA
enteroctopus conispadiceus,no match,NA
enteroctopus hongkongensis,no match,NA
ephalophis greyae,no match,NA
etmopterus sheikoi,no match,NA
acropora pinguis,acropora robusta,207000
acropora plana,acropora tenuis,207105
acropora prostrata,acropora millepora,207023
acropora rambleri,acropora speciosa,430655
acropora rosaria,acropora loripes,207074
acropora rufus,acropora rufa,763784
acropora scherzeriana,acropora gemmifera,207097
acropora schmitti,acropora digitifera,207045
acropora sekiseiensis,acropora horrida,207006
acropora tizardi,acropora cerealis,207016
acropora torresiana,acropora samoensis,207055
acropora tutuilensis,acropora abrotanoides,207083
acropora variabilis,acropora valida,207072
acropora vermiculata,acropora sarmentosa,288244
acropora wallaceae,acropora samoensis,207055
acrosorium papenfussii,acrosorium papenfussii,376452
acrostichum aureum,acrostichum aureum,235080
acrostichum danaeifolium,acrostichum danaeifolium,234489
acrostichum speciosum,acrostichum speciosum,234490
actinopyga agassizi,actinopyga agassizii,241768
adeuomphalus collinsi,adeuomphalus collinsi,457673
adeuomphalus elegans,adeuomphalus elegans,457674
adeuomphalus trochanter,adeuomphalus trochanter,458584
aegialitis annulata,aegialitis annulata,235078
aegialitis rotundifolia,aegialitis rotundifolia,235079
euphyllia ancora,fimbriaphyllia ancora,1048073
euphyllia divisa,fimbriaphyllia divisa,1048074
euphyllia paraancora,fimbriaphyllia paraancora,1048076
euphyllia paradivisa,fimbriaphyllia paradivisa,1048080
euphyllia yaeyamaensis,fimbriaphyllia yaeyamensis,1048079
euprymna phenax,eumandya phenax,1437795
evynnis tumifrons,dentex tumifrons,273967
excoecaria agallocha,excoecaria agallocha,235057
excoecaria indica,shirakiopsis indica,709282
faunus ater,faunus ater,581169
favia albidus,dipsastraea albida,758223
favia danae,dipsastraea danai,758238
favia favus,dipsastraea favus,718748
favia helianthoides,dipsastraea helianthoides,758239
favia lacuna,dipsastraea lacuna,758224
favia laxa,dipsastraea laxa,758235
favia leptophylla,mussismilia leptophylla,1344208
favia lizardensis,dipsastraea lizardensis,758225
favia maritima,dipsastraea maritima,758236
favia marshae,dipsastraea marshae,758226
favia matthaii,dipsastraea matthaii,758240
favia maxima,astraeosmilia maxima,1487798
favia pallida,dipsastraea pallida,758233
favia rosaria,dipsastraea rosaria,758229
eunice viridis,no match,NA
favia rotumana,dipsastraea rotumana,758237
favia rotundata,favites rotundata,207445
favia speciosa,dipsastraea speciosa,758219
favia stelligera,goniastrea stelligera,763067
favia truncatus,dipsastraea truncata,758228
favia veroni,dipsastraea veroni,758232
favia vietnamensis,dipsastraea vietnamensis,758227
favites bestae,favites melicerum,758217
favites micropentagona,favites micropentagonus,763551
favites paraflexuosa,favites paraflexuosus,763552
favites russelli,paragoniastrea russelli,817179
floridichthys polyommus,floridichthys polyommus,1015175
foetorepus goodenbeani,synchiropus goodenbeani,712846
forsterygion gymnota,forsterygion gymnotum,314382
fundulus grandissimus,fundulus grandissimus,422554
fundulus persimilis,fundulus persimilis,422555
fundulus xenica,fundulus xenicus,308885
fungia concinna,lithophyllon concinna,716645
fungia costulata,cycloseris costulata,207325
fungia curvata,cycloseris curvata,716444
fungia cyclolites,cycloseris cyclolites,207323
fungia distorta,cycloseris distorta,207326
fungia fragilis,cycloseris fragilis,716448
fungia fralinae,heliofungia fralinae,716357
fungia granulosa,pleuractis granulosa,716549
fungia hexagonalis,sinuorota hexagonalis,994375
fungia horrida,danafungia horrida,716608
fungia moluccensis,pleuractis moluccensis,716545
fungia paumotensis,pleuractis paumotensis,716547
fungia repanda,lithophyllon repanda,716653
fungia scabra,lithophyllon scabra,716611
fungia scruposa,danafungia scruposa,716609
fungia scutaria,lobactis scutaria,716542
fungia seychellensis,pleuractis seychellensis,716548
fungia sinensis,cycloseris sinensis,716552
fungia somervillei,cycloseris somervillei,207328
fungia spinifer,lithophyllon spinifer,716610
fungia taiwanensis,pleuractis taiwanensis,716544
fungia tenuis,cycloseris tenuis,207324
fungia vaughani,cycloseris vaughani,207327
galatea cailliaudi,galatea cailliaudii,494745
galaxaura barbata,galaxaura barbata,375504
galaxaura intermedia,dichotomaria intermedia,840497
gangetia miliacea,gangetia miliacea,767299
gibberula puntillum,gibberula punctillum,405009
girella freminvillei,girella freminvillii,280861
giuris margaritaceus,giuris margaritacea,712855
glossogobius illimis,glossogobius illimis,834946
galatea heukelomii,no match,NA
gelochelidon macrotarsa,no match,NA
glyptocephalus kitaharae,tanakius kitaharae,282923
gobiesox cephalus,gobiesox cephalus,1015168
gobiesox multitentaculus,gobiesox multitentaculus,293671
gobiodon albolineatus,gobiodon rivulatus,219478
gobionellus hastatus,gobionellus oceanicus,159753
gobiopsis macrostomus,gobiopsis macrostoma,277788
gobius ophiocephalus,zosterisessor ophiocephalus,126942
gonialosa modesta,gonialosa modesta,1020658
goniastrea aspera,coelastrea aspera,762427
goniastrea australensis,paragoniastrea australensis,817177
goniastrea deformis,paragoniastrea deformis,817178
goniastrea palauensis,coelastrea palauensis,762428
goniastrea peresi,paramontastraea peresi,762398
goniolithon alternans,lithophyllum alternans,375518
goniopora minor,goniopora pedunculata,759975
goniopora stutchburyi,bernardpora stutchburyi,764221
gonostoma elongatum,sigmops elongatus,221512
gracilaria ecuadoreanus,gracilaria ecuadoreana,375977
gracilaria skottsbergii,gracilaria skottsbergii,375979
grimalditeuthis bonplandi,grimalditeuthis bonplandii,238742
gygis microrhyncha,gygis alba microrhyncha,567428
gymneleotris seminudus,gymneleotris seminuda,280953
gymnelus barsukovi,gymnelus viridis,127096
gymnogobius scrobiculatus,gymnogobius scrobiculatus,1013955
gulosus aristotelis,no match,NA
halodule beaudettei,halodule wrightii,208925
halodule bermudensis,halodule bermudensis,377177
halodule ciliata,halodule ciliata,377178
halodule emarginata,halodule emarginata,1533045
halodule pinifolia,halodule pinifolia,626404
halodule uninervis,halodule uninervis,208924
halodule wrightii,halodule wrightii,208925
halophila baillonii,halophila baillonis,374721
halophila engelmanni,halophila engelmannii,374722
halophila euphlebia,halophila major,593695
halymenia santamariae,halymenia santamariae,376401
heleobia dalmatica,eupaludestrina dalmatica,1457257
heleobia macei,eupaludestrina macei,1457262
heleobia maltzani,eupaludestrina maltzani,1457264
heleobia rausiana,eupaludestrina rausiana,1457267
helicoradomenia bisquama,helicoradomenia bisquama,395236
helicoradomenia parathermalis,helicoradomenia parathermalis,395286
helicorbis australiensis,helicorbis australiensis,1306122
helicrenion reticulatum,helicrenion reticulatum,536901
hemitrygon bennetti,hemitrygon bennettii,1042846
heritiera fomes,heritiera fomes,235117
heritiera globosa,heritiera globosa,235118
heritiera littoralis,heritiera littoralis,235119
herklotsichthys spilurus,herklotsichthys spilura,212265
hermosilla azurea,kyphosus azureus,1019728
heteropoma fulva,allepithema fulvum,1390611
heteropoma glabratum,allepithema glabratum,1390612
heteropoma pyramis,allepithema pyramis,1383924
heteropoma quadrasi,allepithema quadrasi,1383921
heteropoma tuberculatum,allepithema tuberculatum,1390614
heteropoma turritum,allepithema turritum,1390615
hexanchus vitulus,NA,NA
hime formosanus,hime formosana,398371
hippichthys albomaculosus,hippichthys albomaculosus,1384587
histioteuthis machrohista,histioteuthis macrohista,341870
holothuria albifasciatus,NA,NA
holothuria annulifera,holothuria (stauropora) anulifera,241859
holothuria chilensis,holothuria (halodeima) chilensis,241831
holothuria dicorona,holothuria (mertensiothuria) leucospilota,210881
holothuria erinaceaus,holothuria (selenkothuria) erinacea,210852
holothuria exilis,holothuria (stauropora) exilis,241884
holothuria flavocastanea,holothuria (platyperona) sanctori,124528
holothuria fuligina,holothuria (metriatyla) scabra,210813
holothuria huberti,holothuria (holothuria) helleri,124506
holothuria papillata,holothuria (acanthotrapeza) pyxis,210864
holothuria papillifera,holothuria (mertensiothuria) papillifera,210862
holothuria rathbunii,holothuria (thymiosycia) unicolor,732389
holothuria riojai,holothuria (halodeima) kefersteinii,241834
holothuria stocki,holothuria (semperothuria) surinamensis,241858
holothuria sulcata,holothuria (cystipus) occidentalis,241826
hongeo koreana,hongeo koreanus,712397
howella simplex,bathysphyraenops simplex,159845
hucho perryi,parahucho perryi,320038
hyalogyra vitrinelloides,hyalogyra vitrinelloides,536905
hyalogyrina grasslei,hyalogyrina grasslei,449964
hydrobates leucorhous,oceanodroma leucorhoa,137192
hydrobia vitrea,hydrobia vitrella,822479
hydrophis caerulescens,polyodontognathus caerulescens,407689
hydrophis cantoris,microcephalophis cantoris,407684
holothuria unica,no match,NA
hydrobates castro,no match,NA
hydrobates cheimomnestes,no match,NA
hydrobates homochroa,no match,NA
hydrobates hornbyi,no match,NA
hydrobates jabejabe,no match,NA
hydrobates macrodactylus,no match,NA
hydrobates markhami,no match,NA
hydrobates matsudairae,no match,NA
hydrobates melania,no match,NA
hydrobates microsoma,no match,NA
hydrobates monorhis,no match,NA
hydrobates monteiroi,no match,NA
hydrobates socorroensis,no match,NA
hydrobates tethys,no match,NA
hydrobates tristrami,no match,NA
hydrophis laboutei,chitulia laboutei,468222
hydrophis macdowelli,hydrophis mcdowelli,344064
hydrophis ocellatus,hydrophis ornatus ocellatus,407825
hyphessobrycon fernandezi,hyphessobrycon fernandezi,1383641
hypsoblennius maculipinna,hypsoblennius maculipinna,293667
idiosepius notoides,xipholeptos notoides,1055555
ilisha sirishai,ilisha sirishae,281170
iluocoetes elongatus,argentinolycus elongatus,1019169
indophyllia macassarensis,cynarina macassarensis,739761
iniistius javanicus,xyrichtys javanicus,273600
ipnops pristibrachium,ipnops agassizii,221395
iravadia mahimensis,pseudomerelina mahimensis,767231
iravadia reticulata,iravadia quadrasi,527647
isophyllastrea rigida,isophyllia rigida,287850
jasus tristani,jasus paulensis,246323
jaumea carnosa,jaumea carnosa,1098826
jordanella pulchra,garmanella pulchra,280816
justitia longimanus,justitia longimana,382881
kallymenia multiloba,kallymenia multiloba,376414
kallymenia setchellii,kallymenia setchellii,376413
kandelia candel,kandelia candel,235090
hydrophis walli,no match,NA
hydrophis zweifeli,no match,NA
ischaemum muticum,no match,NA
isopora cylindrica,no match,NA
kandelia obovata,kandelia obovata,394961
kentrocapros spilonotus,kentrocapros spilonota,1495431
kolpophis annandalei,hydrophis annandalei,1377525
kondakovia longimana,moroteuthopsis longimana,1452326
kondakovia nigmatullini,moroteuthopsis longimana,1452326
kuhlia malo,kuhlia malo,1022656
laemodonta striata,laemodonta octanfracta,558422
laguncularia racemosa,laguncularia racemosa,235050
lamnostoma orientalis,lamnostoma orientale,217570
lamnostoma polyophthalma,lamnostoma polyophthalmum,713029
lampanyctus bensoni,lampanyctus festivus,126614
lampanyctus gemmifer,lampanyctus crocodilus,126612
larus genei,chroicocephalus genei,1488274
larus scoresbii,leucophaeus scoresbii,344089
latiaxis babelis,babelomurex cariniferus,224954
laticauda schistorhynchus,laticauda schistorhyncha,1377559
laurencia congesta,laurencia congesta,376457
laurencia densissima,laurencia densissima,376975
laurencia ligulata,laurencia ligulata,376998
laurencia mediocris,laurencia mediocris,404085
laurencia oppositocladia,laurencia oppositocladia,376458
leiognathus equulus,leiognathus equula,303762
lentipes adelphizonus,lentipes adelphizonus,1009008
lentipes mekonggaensis,lentipes mekonggaensis,1007059
lepilaena australis,no match,NA
lepilaena marina,lepilaena marina,495097
lepomis punctatus,lepomis punctatus,1355509
leptachirus alleni,leptachirus alleni,1008596
leptachirus lorentz,leptachirus lorentz,1008600
leptachirus robertsi,leptachirus robertsi,1008602
leptastrea pruinosa,leptastrea purpurea,207470
leptocephalus congroides,heteroconger congroides,712435
lestidiops extrema,lestidiops extremus,272091
lestidiops indopacifica,lestidiops indopacificus,220327
lestidiops luetkeni,lestrolepis luetkeni,275836
liocranchia reinhardti,liocranchia reinhardtii,341818
liopsetta putnami,pleuronectes putnami,305774
liosaccus pachygaster,sphoeroides pachygaster,127417
lissonanchus lusheri,lissonanchus lusherae,219764
leucocarbo atriceps,no match,NA
leucocarbo bougainvilliorum,no match,NA
leucocarbo campbelli,no match,NA
leucocarbo carunculatus,no match,NA
leucocarbo chalconotus,no match,NA
leucocarbo colensoi,no match,NA
leucocarbo magellanicus,no match,NA
leucocarbo onslowi,no match,NA
leucocarbo ranfurlyi,no match,NA
leucocarbo verrucosus,no match,NA
lilaeopsis occidentalis,no match,NA
aegiceras corniculatum,aegiceras corniculatum,235069
aegiceras floridum,aegiceras floridum,235070
agathothoma finalis,agathotoma finalis,432920
ahnfeltiopsis smithii,ahnfeltiopsis smithii,375714
aipysurus eydouxii,aipysurus eydouxi,344640
aipysurus pooleorum,aipysurus laevis pooleorum,407821
allopatides dendroeides,allopatides dendroides,529349
alluroteuthis antarctica,alluroteuthis antarcticus,325302
alosa pontica,alosa immaculata,272251
alsidium pusillum,alsidium pusillum,374155
alviniconcha adamantis,alviniconcha adamantis,827400
alviniconcha boucheti,alviniconcha boucheti,827397
alviniconcha hessleri,alviniconcha hessleri,449947
alviniconcha kojimai,alviniconcha kojimai,827396
alviniconcha marisindica,alviniconcha marisindica,827398
alviniconcha strummeri,alviniconcha strummeri,827399
ambrosia maritima,ambrosia polystachya,1114462
ambrosia maritima,ambrosia crithmifolia,1097357
amphibola crenata,amphibola crenata,590660
amphibolis antarctica,amphibolis antarctica,374718
amphibolis griffithii,amphibolis griffithii,374719
amphigymnas multipes,amphigymnas woodmasoni,746121
amphiroa compressa,amphiroa compressa,375528
amphiroa crustiformis,amphiroa crustiformis,376971
aglaia cucullata,no match,NA
allium telmatum,no match,NA
lithophyllon mokai,cycloseris mokai,716299
lithophyllum amplostratum,lithophyllum amplostratum,375516
lithophyllum complexum,lithophyllum complexum,375517
lithophyllum mutabile,titanoderma mutabile,708226
lithophyllum rileyi,lithophyllum rileyi,375520
lithophyllum sancti-georgei,lithophyllum sancti-georgei,375519
lithothamnion cottonii,lithothamnion cottonii,375511
lithothamnion pocillum,lithothamnion pocillum,375512
liza grandisquamis,parachelon grandisquamis,1042881
liza luciae,liza luciae,218886
lobodon carcinophaga,lobodon carcinophagus,344008
lobophyllia dentatus,lobophyllia dentata,763791
lobophyllia pachysepta,acanthastrea pachysepta,888170
lobophyllia serratus,lobophyllia serrata,763793
lobotes pacificus,lobotes pacifica,273633
lontra felina,lutra felina,477316
lontra provocax,lutra canadensis provocax,477320
lophiodes lugubris,lophiodes mutilus,217837
luciogobius ryukyuensis,luciogobius ryukyuensis,1008324
lumnitzera littorea,lumnitzera littorea,235052
lumnitzera racemosa,lumnitzera racemosa,235053
lurifax japonicus,lurifax japonicus,389163
lutrogale perspicillata,lutrogale perspicillata,404088
maasella edwardsi,maasella edwardsii,125420
macrotritopus scorpio,macrotritopus scorpio,534534
malaclemys terrapin,malaclemys terrapin,422564
marcusenius livingstonii,marcusenius livingstonii,1019073
mastigoteuthis atlantica,echinoteuthis atlantica,759129
mastigoteuthis cordiformis,idioteuthis cordiformis,527173
mastigoteuthis danae,echinoteuthis danae,759127
mastigoteuthis famelica,echinoteuthis famelica,759128
mastigoteuthis glaukopsis,mastigoteuthis glaukopis,341899
mastigoteuthis hjorti,mastigopsis hjorti,759125
mastigoteuthis magna,magnoteuthis magna,759131
mastigoteuthis microlucens,magnoteuthis microlucens,759132
mastigoteuthis pyrodes,mastigotragus pyrodes,834048
mastigoteuthis tyroi,mastigoteuthis tyroi,410377
meandrina braziliensis,meandrina brasiliensis,430665
melamphaes succedanaus,melamphaes succedaneus,1384958
melampus caffer,melampus lividus,215060
melampus coffeus,melampus coffea,420640
melampus striatus,melampus (signia) striatus,1469735
melampus striatus,melampus (tralia) striatus,1469734
melampus striatus,melampus striatus,1469732
melanopsis trifasciata,zemelanopsis trifasciata,581166
melanostomias spilorhynchus,melanostomias bartonbeani,127359
membras argentea,membras argentea,1014309
menidia clarkhubbsi,menidia clarkhubbsi,422551
menidia colei,menidia colei,422552
mesonerilla prospera,leptonerilla prospera,870632
mesophyllum laxum,mesophyllum laxum,375514
melanitta stejnegeri,no match,NA
mesothuria abberviata,mesothuria abbreviata,732427
mesothuria candelabra,zygothuria candelabri,816799
mesothuria connectens,zygothuria connectens,124591
mesothuria expectans,paroriza prouhoi,183336
mesothuria lactea,zygothuria lactea,124592
mesothuria marginata,zygothuria marginata,816798
mesothuria thomsoni,zygothuria thomsoni,529718
mesothuria triradiata,mesothuria intestinalis,816800
microcarbo melanoleucos,phalacrocorax melanoleucos,225983
micromussa diminuta,goniopora diminuta,886936
micromussa minuta,acanthastrea minuta,288882
microstomus bathybius,embassichthys bathybius,280641
millepora murrayi,millepora intricata,210727
millepora tuberosa,millepora exaesa,210728
minyclupeoides dentibranchialus,minyclupeoides dentibranchialus,1008538
mobula eregoodoo,mobula kuhlii,217436
monolene mertensi,monolene mertensae,275921
montastraea annularis,orbicella annularis,758260
montastraea faveolata,orbicella faveolata,758261
montastraea franksi,orbicella franksi,758262
montastrea annuligera,astrea annuligera,762420
montastrea colemani,favites colemani,763489
montastrea curta,astrea curta,762421
meteoria pauciradiatus,no match,NA
microcarbo coronatus,no match,NA
montastrea magnistellata,favites magnistellata,1289661
montastrea multipunctata,micromussa multipunctata,886930
montastrea salebrosa,paramontastraea salebrosa,762397
montastrea serageldini,paramontastraea serageldini,762399
montastrea valenciennesi,favites valenciennesii,763525
montipora hirsuta,montipora hispida,207164
montipora hirsuta,montipora carinata,1287508
montipora meandrina,montipora maeandrina,207188
montipora verruculosus,montipora verruculosa,763794
morrisonietta gracilis,morrisonietta gracilis,1326200
morrisonietta krungtepensis,morrisonietta krungtepensis,1326197
muricopsis mariangelae,muricopsis rutila mariangelae,744595
muricopsis matildae,muricopsis matildeae,405031
muusoctopus normani,muusoctopus januarii,527149
myliobatis californicus,myliobatis californica,271485
myriogramme kylinii,myriogramme kylinii,376449
myrrophis bennettii,myrrophis bennetti,1377319
mystus abbreviatus,mystus abbreviatus,1022307
myxus capensis,pseudomyxus capensis,1043428
myzopsetta proboscidea,limanda proboscidea,254563
myzopsetta punctatissima,limanda punctatissima,305681
nannopterum auritus,phalacrocorax auritus,159059
nannopterum brasilianus,phalacrocorax brasilianus,343939
mora oleifera,no match,NA
myzopsetta ferruginea,no match,NA
nannopterum harrisi,no match,NA
narcinops ornata,narcinops ornatus,1486853
natator depressus,natator depressa,344093
nectamia zebrinus,nectamia zebrina,712643
nelabrichthys ornatus,suezichthys ornatus,1017257
neochanna cleaveri,neochanna cleaveri,281677
neomerinthe rotunda,neomerinthe erostris,1019532
neostichopus mollis,australostichopus mollis,529443
nerita articulata,nerita balteata,549379
neritina granosa,neritona granosa,1329667
neritina platyconcha,neripteron platyconcha,874510
neritina sulculosa,neritina asperulata,871340
neritina violacea,neripteron violaceum,875310
neritina violacea,theodoxus baeticus,1293511
nitophyllum divaricatum,nitophyllum divaricatum,376451
notarius quadriscutis,aspistor quadriscutis,279757
notarius rugispinis,amphiarius rugispinis,279587
notopterus notopterus,notopterus notopterus,281795
novaculichthys macrolepidotus,novaculoides macrolepidotus,593553
nypa fruticans,nypa fruticans,234451
ochtodes crokeri,ochtodes crockeri,375510
octopus campbelli,robsonella campbelli,1438202
octopus filosus,octopus hummelincki,341984
octopus hawiiensis,octopus hawaiiensis,535747
neomonachus schauinslandi,no match,NA
neomonachus tropicalis,no match,NA
oceanites pincoyae,no match,NA
octopus huttoni,robsonella huttoni,342385
octopus leioderma,muusoctopus leioderma,1043781
octopus mercatoris,paroctopus mercatoris,875202
octopus mernoo,robsonella mernoo,1438204
octopus olivieri,octopus oliveri,342011
odaxothrissa mento,odaxothrissa mento,1017109
omobranchus lineolatus,omobranchus punctatus,219320
omphalotropis albocarinata,duritropis albocarinata,1308258
omphalotropis carolinensis,omphalotropis carolinensis,405037
omphalotropis cookei,omphalotropis cookei,405039
omphalotropis elegans,omphalotropis elegans,405040
omphalotropis elongatula,omphalotropis elongatula,405041
omphalotropis erosa,omphalotropis erosa,405042
omphalotropis fragilis,omphalotropis fragilis,405043
omphalotropis gracilis,omphalotropis gracilis,405044
omphalotropis guamensis,omphalotropis guamensis,405045
omphalotropis hieroglyphica,omphalotropis hieroglyphica,405046
omphalotropis howeinsulae,omphalotropis howeinsulae,405047
omphalotropis laevigata,chalicopoma laevigatum,1419408
omphalotropis laticosta,omphalotropis laticosta,405049
omphalotropis latilabris,omphalotropis latilabris,405050
omphalotropis mutica,omphalotropis mutica,405051
omphalotropis ochthogyra,omphalotropis ochthogyra,405052
omphalotropis picta,omphalotropis picta,405053
omphalotropis pilosa,omphalotropis pilosa,405054
omphalotropis plicosa,omphalotropis plicosa,405055
omphalotropis quadrasi,omphalotropis quadrasi,405067
omphalotropis semicostulata,chalicopoma semicostulatum,1383915
omphalotropis striatapila,omphalotropis striatipila,405069
omphalotropis submaritima,omphalotropis submaritima,405070
omphalotropis suturalis,omphalotropis suturalis,405072
omphalotropis tumidula,omphalotropis tumidula,405073
onykia ingens,moroteuthopsis ingens,1452502
opisthoproctus grimaldii,monacoa grimaldii,319394
orthetrum poecilops,orthetrum poecilops,404100
osbornia octodonta,osbornia octodonta,235073
ostorhinchus lateralis,fibramia amboinensis,1043448
ostrea imputata,ostrea imputata,506722
owstonia doryptera,owstonia dorypterus,278549
oxypora glabra,echinophyllia glabra,1349603
pachymelania aurita,pachymelania aurita,225190
pachymelania byronensis,pachymelania byronensis,224762
pachymenia saxicola,pachymenia saxicola,376403
pachyptila crassirostris,pachyptila turtur,212648
pachyptila macgillivrayi,pachyptila macgillivrayi,226025
padina concrescens,padina concrescens,375491
paelopatides gelatinosa,paelopatides gelatinosus,529584
palinustus mossamicus,palinustus mossambicus,210353
orbiraja philipi,no match,NA
oxyurichthys nuchalis,no match,NA
pangio kuhlii,pangio kuhlii,1022013
paracitharus macrolepis,citharoides macrolepis,215600
paraclavarina triangularis,merulina triangularis,739884
paradoxa confirmata,pradoxa confirmata,408049
paradoxa thomensis,pradoxa thomensis,408050
paragobiodon melanosomus,paragobiodon melanosoma,1419150
paragobiodon xanthosomus,paragobiodon xanthosoma,219539
paralichthys oblongus,hippoglossina oblonga,158833
paralichthys schmitti,paralichthys fernandezianus,275812
paramyxine ancon,eptatretus ancon,475070
paramyxine atami,eptatretus atami,313251
paramyxine cheni,eptatretus cheni,313253
paramyxine chinensis,eptatretus chinensis,279275
paramyxine fernholmi,eptatretus fernholmi,279279
paramyxine moki,eptatretus moki,475071
paramyxine nelsoni,eptatretus nelsoni,313255
paramyxine sheni,eptatretus sheni,313256
paramyxine springeri,eptatretus springeri,279297
paramyxine taiwanae,eptatretus taiwanae,313257
paramyxine walkeri,eptatretus walkeri,475072
paramyxine wayuu,eptatretus wayuu,279300
paramyxine wisneri,eptatretus wisneri,279301
paramyxine yangi,eptatretus yangi,313258
paraphyonus bolini,no match,NA
paraphyonus brevidorsalis,no match,NA
parasimplastrea sheppardi,blastomussa loyae,207387
parastichopus californicus,apostichopus californicus,529363
paratrachichthys sajademalensis,aulotrachichthys sajademalensis,475055
paretroplus polyactis,paretroplus polyactis,1020098
paroriza prohoi,paroriza prouhoi,183336
pectinia africanus,pectinia africana,763554
pectinia ayleni,physophyllia ayleni,288353
pectinia pygmaeus,pectinia pygmaea,763795
pelates sexlineatus,helotes sexlineatus,314549
pelliciera rhizophorae,pelliciera rhizophorae,344746
pemphis acidula,pemphis acidula,235061
percalates colonorum,percalates colonorum,320151
perizona magna,paelopatides magna,1316569
phallostethus dunckeri,phallostethus dunckeri,1017371
photonectes cornutus,photonectes mirabilis,275175
phycodrina elegans,phycodrina elegans,376177
phyllospadix iwatensis,phyllospadix iwatensis,374705
paraphyonus solomonensis,no match,NA
parastichopus nigripunctatus,no match,NA
pelochelys bibroni,no match,NA
pelochelys cantorii,no match,NA
pelochelys signifera,no match,NA
phalloptychus iheringii,no match,NA
phoenix paludosa,no match,NA
phyllichthys munroi,no match,NA
