orig_sciname,valid_name,aphia_id
abralia astrosticta,abralia (astrabralia) astrosticta,878661
abralia heminuchalis,abralia (heterabralia) heminuchalis,878668
abraliopsis hoylei,abraliopsis (abraliopsis) hoylei,878682
acantopsis dialuzona,acantopsis dialuzona,1022744
acartia pacifica,acartia (odontacartia) pacifica,346059
acheilognathus majusculus,acheilognathus majusculus,1384133
acipenser dabryanus,acipenser dabryanus,410045
alburnoides taeniatus,alburnoides taeniatus,1020428
alburnus belvica,alburnus belvica,1016500
alosa macedonica,alosa macedonica,1016838
ambassis agassizii,ambassis agassizii,991181
ambassis macleayi,ambassis macleayi,991184
ameiurus melas,ameiurus melas,154205
ameiurus natalis,ameiurus natalis,154201
ameiurus nebulosus,ameiurus nebulosus,154370
amniataba percoides,amniataba percoides,991187
amphilochus neapolitanus,apolochus neapolitanus,236495
amphilophus citrinellus,amphilophus citrinellus,991188
amphilophus labiatus,amphilophus labiatus,1018306
amphilophus lyonsi,amphilophus lyonsi,1013437
anomalocardia brasiliana,anomalocardia flexuosa,215265
antarctomysis ohlini,antarctomysis ohlinii,226769
aphanius mento,aphanius mento,1022156
aphanius vladykovi,aphanius vladykovi,1011759
anous minutus tenuirostris,no match,NA
channa lucius,channa lucius,1016705
channa maculata,channa maculata,743356
channa marulius,channa marulius,1026844
channa melasoma,channa melasoma,1021783
channa micropeltes,channa micropeltes,743381
charybdis bimaculata,charybdis (gonioneptunus) bimaculata,442874
charybdis hellerii,charybdis (charybdis) hellerii,107382
charybdis japonica,charybdis (charybdis) japonica,208836
cheilopogon pinnatibarbatus japonicus,cheilopogon pinnatibarbatus japonicus,293564
cheilopogon pinnatibarbatus melanocercus,cheilopogon pinnatibarbatus melanocercus,293563
cheilopogon pinnatibarbatus pinnatibarbatus,cheilopogon pinnatibarbatus pinnatibarbatus,293562
chetia brevis,chetia brevis,1013297
chiloglanis anoterus,chiloglanis anoterus,1013772
chiloglanis asymetricaudalis,chiloglanis asymetricaudalis,1011027
chiloglanis bifurcus,chiloglanis bifurcus,1013241
chiloglanis emarginatus,chiloglanis emarginatus,1013224
chiloglanis fasciatus,chiloglanis fasciatus,1015140
chiloglanis neumanni,chiloglanis neumanni,1383143
chiloglanis pretoriae,chiloglanis pretoriae,1015765
chiloglanis swierstrai,chiloglanis swierstrai,1013809
chilomycterus spinosus mauretanicus,chilomycterus mauretanicus,1524912
chiridotea caeca,chiridotea coeca,157842
chiromantes ortmanni,cristarma ortmanni,1472860
chiton peregrinus,rhyssoplax peregrina,1392826
chlamydogobius eremius,chlamydogobius eremius,1019285
chlamydogobius gloveri,chlamydogobius gloveri,1010862
chlamys farreri,azumapecten farreri,393321
chlidonias hybrida,chlidonias hybrida,137135
chlidonias leucopterus,chlidonias leucopterus,137136
chondrostoma cyri,chondrostoma cyri,1383092
chondrostoma nasus,chondrostoma nasus,154585
chondrostoma prespense,chondrostoma prespense,1016505
chondrostoma soetta,chondrostoma soetta,1022106
chone collaris,dialychone collaris,882442
chromodoris annulata,goniobranchus annulatus,597348
chromodoris baumanni,felimida baumanni,597395
chromodoris dalli,chromolaichma dalli,558507
chromodoris obsoleta,goniobranchus obsoletus,597365
chrysichthys brachynema,chrysichthys brachynema,1018954
chrysichthys helicophagus,chrysichthys helicophagus,1012772
chrysichthys longipinnis,chrysichthys longipinnis,1016733
chrysichthys maurus,chrysichthys maurus,581698
chrysichthys nigrodigitatus,chrysichthys nigrodigitatus,581699
chrysichthys walkeri,chrysichthys walkeri,1019038
cichla intermedia,cichla intermedia,1013126
cichla monoculus,cichla monoculus,1014783
cichla orinocensis,cichla orinocensis,1022807
cichla temensis,cichla temensis,1015785
cinetodus carinatus,cinetodus carinatus,1017444
chlamys delicatula,no match,NA
cinetodus crassilabris,cinetodus crassilabris,1019818
cirrhinus microlepis,cirrhinus microlepis,1019851
cirrhinus molitorella,cirrhinus molitorella,1026709
citharichthys uhleri,citharichthys uhleri,422563
clarias alluaudi,clarias alluaudi,1017810
clarias angolensis,clarias angolensis,1013592
clarias anguillaris,clarias anguillaris,581700
clarias brachysoma,clarias brachysoma,1020967
clarias buthupogon,clarias buthupogon,1014338
clarias camerunensis,clarias camerunensis,1013591
clarias cavernicola,clarias cavernicola,1015147
clarias dussumieri,clarias dussumieri,1022293
clarias ebriensis,clarias ebriensis,1015027
clarias fuscus,clarias fuscus,1022031
clarias gabonensis,clarias gabonensis,1014734
clarias gariepinus,clarias gariepinus,888192
clarias liocephalus,clarias liocephalus,1014639
clarias maclareni,clarias maclareni,1013683
clarias platycephalus,clarias platycephalus,1018795
clarias stappersii,clarias stappersii,1017160
clarias teijsmanni,clarias teijsmanni,1021368
clarias theodorae,clarias theodorae,1017218
clarias werneri,clarias werneri,1018406
clupea pallasii pallasii,clupea pallasii pallasii,293568
cirriformia dasylophia,no match,NA
clupeoides papuensis,clupeoides papuensis,1014814
clupeoides venulosus,clupeoides venulosus,1017555
clupeonella abrau,clupeonella abrau,1015924
cobitis meridionalis,cobitis meridionalis,1016499
cobitis paludica,cobitis paludica,1014050
cochlefelis spatula,cochlefelis spatula,1019815
colomesus asellus,colomesus asellus,1428141
corbula gibba,varicorbula gibba,378492
coregonus chadary,coregonus chadary,1020664
coregonus hoyi,coregonus hoyi,1049459
coregonus kiyi,coregonus kiyi,1016849
coregonus macrophthalmus,coregonus macrophthalmus,1019928
coregonus nelsonii,coregonus nelsonii,567526
coregonus nigripinnis,coregonus nigripinnis,1307269
coregonus nilssoni,coregonus nilssoni,1021910
coregonus pollan,coregonus pollan,1022580
coregonus reighardi,coregonus reighardi,1016527
coregonus wartmanni,coregonus wartmanni,1023011
coregonus zenithicus,coregonus zenithicus,567528
coreoperca kawamebari,coreoperca kawamebari,1022148
corophium bonelli,crassicorophium bonellii,237004
cottocomephorus alexandrae,cottocomephorus alexandrae,1015298
cottus bairdii,cottus bairdii,578660
cottus confusus,cottus confusus,592852
cottus rhotheus,cottus rhotheus,592854
cottus ricei,cottus ricei,564966
coullana canadensis,canuella canadensis,349947
crassostrea gigas,magallana gigas,836033
crassostrea madrasensis,magallana bilineata,836036
crassostrea sikamea,magallana sikamea,836041
craterocephalus dalhousiensis,craterocephalus dalhousiensis,1012886
craterocephalus helenae,craterocephalus helenae,1011672
craterocephalus marjoriae,craterocephalus marjoriae,1014294
craterocephalus stercusmuscarum,craterocephalus stercusmuscarum,991207
craterocephalus stramineus,craterocephalus stramineus,1524999
cronia margariticola,drupella margariticola,576817
crossocheilus cobitis,crossocheilus cobitis,1014421
crossocheilus oblongus,crossocheilus oblongus,1014423
crossocheilus reticulatus,crossocheilus reticulatus,1015369
cubanichthys pengelleyi,cubanichthys pengelleyi,1525262
cultellus pellucidus,phaxas pellucidus,140737
cuthona albocrusta,trinchesia albocrusta,1037416
cuthona viridis,diaphoreolis viridis,1036948
cyanea lamarcki,cyanea lamarckii,135302
cyerce nigricans,cyerce nigricans,494516
cymatium muricinum,gutturnium muricinum,220950
cymatium nicobaricum,monoplex nicobaricus,476529
cymatium pileare,monoplex macrodon,476527
cymatium pileare,monoplex pilearis,476533
cynodonichthys hildebrandi,cynodonichthys hildebrandi,1015001
crassostrea rufa,no match,NA
cynodonichthys isthmensis,cynodonichthys isthmensis,1018321
cynodonichthys siegfriedi,cynodonichthys siegfriedi,1524231
cynodonichthys uroflammeus,cynodonichthys uroflammeus,1012449
cynoglossus feldmanni,cynoglossus feldmanni,1026886
cynoglossus microlepis,cynoglossus microlepis,1020152
cypraea spadicea,neobernaya spadicea,580674
cyprinodon beltrani,cyprinodon beltrani,1014261
cyprinus ilishaestomus,cyprinus ilishaestomus,1012657
cyprinus megalophthalmus,cyprinus megalophthalmus,1013627
cyprinus pellegrini,cyprinus pellegrini,1015593
cyprinus yilongensis,cyprinus yilongensis,1012651
cyprinus yunnanensis,cyprinus yunnanensis,1015590
daector gerringi,daector gerringi,1014787
datnioides microlepis,datnioides microlepis,1021577
dawkinsia singhala,dawkinsia singhala,1017562
dawkinsia tambraparniei,dawkinsia tambraparniei,1524924
deania calceus,deania calcea,105903
dichotomyctere ocellatus,dichotomyctere ocellatus,994327
diomedea amsterdamensis,diomedea amsterdamensis,405082
diomedea gibsoni,diomedea gibsoni,405117
dipturus chilensis,dipturus chilensis,271542
ditrema temminckii temminckii,ditrema temminckii temminckii,712926
dorosoma anale,dorosoma anale,405354
dorosoma chavesi,dorosoma chavesi,1018282
dorosoma smithi,dorosoma smithi,1014760
doryteuthis gahi,doryteuthis (amerigo) gahi,410351
doryteuthis opalescens,doryteuthis (amerigo) opalescens,410353
doryteuthis pealeii,doryteuthis (amerigo) pealeii,410354
doryteuthis pleii,doryteuthis (doryteuthis) pleii,410356
edenttellina typica,berthelinia typica,492596
elysia patagonica,elysia patagonica,494466
elysia tuca,elysia velutinus,883309
emmelichthys nitidus nitidus,emmelichthys nitidus nitidus,293589
endeis laevis,endeis spinosa,134674
enhydrina schistosa,hydrophis schistosus,1377440
enteromius ablabes,enteromius ablabes,1420090
enteromius afrohamiltoni,enteromius afrohamiltoni,1423446
enteromius afrovernayi,enteromius afrovernayi,1525517
enteromius apleurogramma,enteromius pleurogramma,1470215
enteromius argenteus,enteromius argenteus,1421104
enteromius barnardi,enteromius barnardi,1524565
enteromius bifrenatus,enteromius bifrenatus,1525400
enteromius brevipinnis,enteromius brevipinnis,1524559
enteromius cercops,enteromius cercops,1524785
enteromius eutaenia,enteromius eutaenia,1470714
enteromius fasciolatus,enteromius fasciolatus,1421200
enteromius gurneyi,enteromius gurneyi,1421106
enteromius holotaenia,enteromius holotaenia,1470717
enteromius innocens,enteromius innocens,1468411
enteromius kerstenii,enteromius kerstenii,1421101
apionsoma trichocephalus,apionsoma (apionsoma) trichocephalus,266495
apistogramma amoena,apistogramma amoena,1020492
apistogramma borellii,apistogramma borellii,1014998
apistogramma gossei,apistogramma gossei,1383790
aplocheilus werneri,aplocheilus werneri,1013419
arctocephalus forsteri,arctocephalus australis forsteri,477318
arctocephalus townsendi,arctocephalus philippii townsendi,477319
argobuccinum ranelliforme,argobuccinum pustulosum,225658
aricidea longobranchiata,aricidea longobranchiata,146504
aricidea minuta,aricidea (aricidea) minuta,730747
ariomma melanum,ariomma melana,403239
ariopsis seemanni,ariopsis seemanni,293653
arripis georgiana,arripis georgianus,279692
artemia franciscana,artemia franciscana,717572
astroscopus y-graecum,astroscopus ygraecum,159252
atherinella hubbsi,atherinella hubbsi,1012510
atherinella sardina,atherinella sardina,1018301
atys debilis,aliculastrum debile,761489
australoheros facetus,australoheros facetus,1020668
awaous acritosus,awaous acritosus,1010924
bagarius suchus,bagarius suchus,1012152
bagarius yarrelli,bagarius yarrelli,1018581
balitora annamitica,balitora annamitica,1011773
balitora burmanica,balitora burmanica,1525438
balitora meridionalis,balitora meridionalis,1011774
enteromius liberiensis,enteromius liberiensis,1467898
enteromius litamba,enteromius litamba,1526060
enteromius macrops,enteromius macrops,1389454
enteromius mattozi,enteromius mattozi,1042349
enteromius neumayeri,enteromius neumayeri,1165239
enteromius paludinosus,enteromius paludinosus,1214761
enteromius parablabes,enteromius parablabes,1524887
enteromius poechii,enteromius poechii,1526008
enteromius profundus,enteromius profundus,1524470
enteromius radiatus,enteromius radiatus,1419118
enteromius sublineatus,enteromius sublineatus,1524910
enteromius sylvaticus,enteromius sylvaticus,1524440
enteromius thamalakanensis,enteromius thamalakanensis,1525398
enteromius toppini,enteromius toppini,1525781
enteromius treurensis,enteromius treurensis,1524871
enteromius trimaculatus,enteromius trimaculatus,1416216
enteromius unitaeniatus,enteromius unitaeniatus,1423448
enteromius viviparus,enteromius viviparus,1468429
enteromius yongei,enteromius yongei,1524788
entosphenus similis,entosphenus similis,1012492
epimeria similis,epimeria (drakepimeria) similis,1053394
ercolania boodleae,ercolania boodleae,494662
esomus longimanus,esomus longimanus,1015088
esomus thermoicos,esomus thermoicos,1022213
eucalanus subcrassus,subeucalanus subcrassus,104548
eugnathogobius siamensis,eugnathogobius siamensis,1010650
eunice antennata,leodice antennata,336660
flabelligera diplochaitos,flabelligera diplochaitus,130105
flabellina amabilis,microchlamylla amabilis,1048135
flabellina browni,fjordia browni,1047412
flabellina falklandica,itaxia falklandica,1048131
flabellina iodinea,flabellinopsis iodinea,1047483
flabellina pellucida,carronella pellucida,1048787
flabellina pricei,apata pricei,1047455
flabellina rubrolineata,coryphellina rubrolineata,534029
flabellina salmonacea,ziminella salmonacea,1048803
flabellina trilineata,orienthella trilineata,1049566
flabellina trophina,himatina trophina,1047441
flabellina verrucosa,coryphella verrucosa,139987
formosania lacustris,formosania lacustris,1026435
fundulus notatus,fundulus notatus,1020951
gafrarium tumidum,gafrarium pectinatum,141914
galaxias anomalus,galaxias anomalus,719052
galaxias auratus,galaxias auratus,1019889
galaxias depressiceps,galaxias depressiceps,1384091
galaxias eldoni,galaxias eldoni,1010605
galaxias fontanus,galaxias fontanus,991210
galaxias johnstoni,galaxias johnstoni,404141
galaxias occidentalis,galaxias occidentalis,1019000
galaxias olidus,galaxias olidus,991212
galaxias parvus,galaxias parvus,991213
galaxias paucispondylus,galaxias paucispondylus,1014976
galaxias pedderensis,galaxias pedderensis,991215
galaxias prognathus,galaxias prognathus,1014831
galaxias rostratus,galaxias rostratus,1018435
galaxias vulgaris,galaxias vulgaris,1014254
galaxias zebratus,galaxias zebratus,1017092
galaxiella munda,galaxiella munda,1012572
galaxiella nigrostriata,galaxiella nigrostriata,1049483
galaxiella pusilla,galaxiella pusilla,991217
garra cambodgiensis,garra cambodgiensis,1014947
garra ceylonensis,garra ceylonensis,1021075
garra dembeensis,garra dembeensis,1022598
garra fasciacauda,garra fasciacauda,1015041
garra fuliginosa,garra fuliginosa,1015483
garra ghorensis,garra ghorensis,1524184
garra gotyla,garra gotyla,1026576
garra micropulvinus,garra micropulvinus,1009252
garra mullya,garra mullya,1026398
garra nasuta,garra napata,1016837
garra rufa,garra rufa,1312572
gasterosteus microcephalus,gasterosteus microcephalus,1021572
geophagus steindachneri,geophagus steindachneri,1014603
gibbula umbilicalis,steromphala umbilicalis,1039850
glossodoris norrisi,felimida norrisi,597406
glossogobius concavifrons,glossogobius concavifrons,991219
glossogobius koragensis,glossogobius koragensis,1015263
glyptothorax fuscus,glyptothorax fuscus,1015487
glyptothorax lampris,glyptothorax lampris,1015488
glyptothorax laosensis,glyptothorax laosensis,1015489
glyptothorax major,glyptothorax major,1018612
gobio lozanoi,gobio lozanoi,723432
gobio soldatovi,gobio soldatovi,1016070
gobiomorphus breviceps,gobiomorphus breviceps,1014935
golfingia margaritacea,golfingia (golfingia) margaritacea,175027
goniistius gibbosus,cheilodactylus gibbosus,311545
goniistius quadricornis,cheilodactylus quadricornis,311550
goniistius vittatus,cheilodactylus vittatus,311553
goniistius zonatus,cheilodactylus zonatus,311555
grandidierella bonnieri,grandidierella megnae,488814
gygis microrhyncha,gygis alba microrhyncha,567428
gymnocephalus acerina,gymnocephalus acerina,723433
gymnocephalus baloni,gymnocephalus baloni,1012846
gymnocephalus schraetser,gymnocephalus schraetser,367606
gymnochanda flamea,gymnochanda flamea,1010860
halicryptus spinulosus,halicryptus spinulosus,101156
helice leachi,pseudohelice subquadrata,444752
hemibagrus planiceps,hemibagrus planiceps,1022355
hemibagrus sabanus,hemibagrus sabanus,1013873
gomphina veneriformis,no match,NA
hemibagrus wyckii,hemibagrus wyckii,1021363
hemibagrus wyckioides,hemibagrus wyckioides,1014275
hemichromis elongatus,hemichromis elongatus,1021151
hemichromis fasciatus,hemichromis fasciatus,581701
hemitrygon laosensis,hemitrygon laosensis,1524126
heros efasciatus,heros efasciatus,1017024
hippasteria spinosa,hippasteria phrygiana,124043
holothuria arguinensis,holothuria (roweothuria) arguinensis,125184
holothuria atra,holothuria (halodeima) atra,148748
holothuria cinerascens,holothuria (semperothuria) cinerascens,210846
holothuria edulis,holothuria (halodeima) edulis,210882
holothuria hilla,holothuria (mertensiothuria) hilla,529402
holothuria impatiens,holothuria (thymiosycia) impatiens,125185
holothuria leucospilota,holothuria (mertensiothuria) leucospilota,210881
holothuria pardalis,holothuria (lessonothuria) pardalis,210893
holothuria parva,holothuria (selenkothuria) parva,210850
holothuria scabra,holothuria (metriatyla) scabra,210813
hucho bleekeri,hucho bleekeri,1015477
hucho hucho,hucho hucho,1023062
hybognathus argyritis,hybognathus argyritis,1021388
hybognathus hankinsoni,hybognathus hankinsoni,592843
hybognathus regius,hybognathus regius,1020606
hydatina amplustre,aplustrum amplustre,215418
hydrophis caerulescens,polyodontognathus caerulescens,407689
hypostomus garmani,hypostomus garmani,1470723
hypostomus hondae,hypostomus hondae,1525966
hypostomus plecostomus,hypostomus plecostomus,862544
hypostomus punctatus,hypostomus punctatus,1022286
hypostomus robinii,hypostomus robinii,1022292
hypseleotris compressa,hypseleotris compressa,991269
hypseleotris galii,hypseleotris galii,1369475
hypseleotris klunzingeri,hypseleotris klunzingeri,1468455
hypselodoris ghiselini,felimare californiensis,597520
hypsicomus phaeotenia,notaulax phaeotaenia,130935
ictalurus punctatus,ictalurus punctatus,465537
jaera albifrons,jaera (jaera) albifrons,264171
jasus novaehollandiae,jasus edwardsii,382879
jasus tristani,jasus paulensis,246323
keratella quadrata,keratella quadrata,134992
knipowitschia punctatissima,knipowitschia punctatissima,1021039
kryptopterus bicirrhis,kryptopterus bicirrhis,1022390
kryptopterus cheveyi,kryptopterus cheveyi,1014864
kryptopterus limpok,kryptopterus limpok,1021720
kryptopterus macrocephalus,kryptopterus macrocephalus,1419649
kryptopterus paraschilbeides,kryptopterus paraschilbeides,1009594
kryptopterus schilbeides,kryptopterus schilbeides,1419638
labeo altivelis,labeo altivelis,1021700
labeo capensis,labeo capensis,1019406
labeo chrysophekadion,labeo chrysophekadion,1020116
labeo cylindricus,labeo cylindricus,1016913
labeo dussumieri,labeo dussumieri,1022166
labeo erythropterus,labeo erythropterus,1015344
labeo fimbriatus,labeo fimbriatus,1022460
labeo fisheri,labeo fisheri,1015999
labeo forskalii,labeo forskalii,1022581
labeo lunatus,labeo lunatus,1013609
labeo mesops,labeo mesops,1016216
labeo niloticus,labeo niloticus,1021956
labeo pangusia,labeo pangusia,1026589
labeo parvus,labeo parvus,1013813
labeo pierrei,labeo pierrei,1015064
labeo rosae,labeo rosae,1017093
labeo rubromaculatus,labeo rubromaculatus,1017367
labeo seeberi,labeo seeberi,1017469
labeo umbratus,labeo umbratus,1017481
labeo victorianus,labeo victorianus,1018659
lampetra richardsoni,lampetra richardsoni,592841
lapemis curtus,hydrophis curtus,1377536
larus armenicus,larus armenicus,343904
larus bulleri,larus bulleri,225948
larus genei,chroicocephalus genei,1488274
larus relictus,larus relictus,343918
larus saundersi,larus saundersi,343919
larus scopulinus,larus scopulinus,225913
larus glaucoides thayeri,no match,NA
larus serranus,larus serranus,343921
larus thayeri,larus thayeri,343922
lates angustifrons,lates angustifrons,1018405
lates mariae,lates mariae,1017918
lates microlepis,lates microlepis,1019150
lates niloticus,lates niloticus,218165
lates stappersii,lates stappersii,1525847
laubuka caeruleostigmata,laubuka caeruleostigmata,1026698
leiopotherapon aheneus,leiopotherapon aheneus,1013644
leiopotherapon macrolepis,leiopotherapon macrolepis,1012559
leiopotherapon plumbeus,leiopotherapon plumbeus,1020693
lepas anatifera,lepas (anatifa) anatifera,733346
lepas anserifera,lepas (anatifa) anserifera,733347
lepidocephalichthys birmanicus,lepidocephalichthys birmanicus,1014311
lepidocephalichthys hasselti,lepidocephalichthys hasselti,1014911
lepidocephalichthys thermalis,lepidocephalichthys thermalis,1021849
lepomis auritus,lepomis auritus,151291
lepomis cyanellus,lepomis cyanellus,1022845
lepomis gulosus,lepomis gulosus,1044805
lepomis humilis,lepomis humilis,1042354
lepomis macrochirus,lepomis macrochirus,1022846
lepomis megalotis,lepomis megalotis,1042658
leptasterias polaris,leptasterias (hexasterias) polaris,125154
leptobotia elongata,leptobotia elongata,1016331
lauridromia indica,no match,NA
lethenteron appendix,lethenteron appendix,845581
lethenteron kessleri,lethenteron kessleri,1018532
lethenteron zanandreai,lethenteron zanandreai,1524939
leuciscus baicalensis,leuciscus baicalensis,1020385
leuciscus merzbacheri,leuciscus merzbacheri,1525986
leuciscus waleckii,leuciscus waleckii,1026693
limia melanogaster,limia melanogaster,1020915
lineus bilineatus,siphonenteron bilineatum,177726
liocranchia reinhardti,liocranchia reinhardtii,341818
lobatus gigas,aliger gigas,1429769
lobodon carcinophaga,lobodon carcinophagus,344008
loligo media,alloteuthis subulata,153131
loliolus beka,loliolus (nipponololigo) beka,574532
lolliguncula brevis,lolliguncula (lolliguncula) brevis,574509
lolliguncula panamensis,lolliguncula (lolliguncula) panamensis,574511
lucifer chacei,belzebub chacei,883866
lucifer faxoni,belzebub faxoni,883867
lucifuga dentata,lucifuga dentata,1021352
lucifuga subterranea,lucifuga subterranea,1021351
lucina pectinata,phacoides pectinatus,420800
lucina pectinata,ctena mexicana,464130
lucina pectinata,epicodakia pectinata,875468
luciobarbus albanicus,luciobarbus albanicus,1020634
luciobarbus bocagei,luciobarbus bocagei,474117
luciobarbus comizo,luciobarbus comizo,1021045
luciobarbus graecus,luciobarbus graecus,1019349
luciobarbus graellsii,luciobarbus graellsii,1020876
luciobarbus guiraonis,luciobarbus guiraonis,1020918
luciobarbus longiceps,luciobarbus longiceps,1022203
luciobarbus microcephalus,luciobarbus microcephalus,1013400
luciobarbus sclateri,luciobarbus sclateri,1020754
lumbrineris gracilis,hilbigneris gracilis,607402
macquaria ambigua,macquaria ambigua,1020364
macquaria australasica,macquaria australasica,991274
macrognathus circumcinctus,macrognathus circumcinctus,1016473
macrognathus maculatus,macrognathus maculatus,1014926
macrognathus siamensis,macrognathus siamensis,1021170
macrognathus taeniagaster,macrognathus taeniagaster,1015356
macrophthalmus depressus,macrophthalmus (mareotis) depressus,209419
macrophthalmus graeffei,macrophthalmus (macrophthalmus) graeffei,107463
macrophthalmus grandidieri,macrophthalmus (macrophthalmus) grandidierii,209420
macrophthalmus laevis,macrophthalmus (mareotis) laevis,444955
macrophthalmus serenei,macrophthalmus (macrophthalmus) serenei,444948
macrophthalmus sulcatus,macrophthalmus (macrophthalmus) sulcatus,209428
magelona mirabilis,magelona mirabilis,130271
mastacembelus cunningtoni,mastacembelus cunningtoni,1383129
mastacembelus erythrotaenia,mastacembelus erythrotaenia,1021164
mastacembelus favus,mastacembelus favus,1016504
mastacembelus frenatus,mastacembelus frenatus,1017050
mastacembelus moorii,mastacembelus moorii,1015105
mastacembelus shiranus,mastacembelus shiranus,1019263
maxacteon fabreanus,punctacteon fabreanus,716736
barbodes aurotaeniatus,barbodes aurotaeniatus,1026300
barbodes binotatus,barbodes binotatus,1014769
barbodes carnaticus,barbodes carnaticus,1021904
barbodes everetti,barbodes everetti,1019398
barbodes lateristriga,barbodes lateristriga,1015055
barbodes semifasciolatus,barbodes semifasciolatus,1026350
barbus barbus,barbus barbus,154292
barbus cyclolepis,barbus cyclolepis,1015365
barbus cyri,barbus cyri,1020170
barbus haasi,barbus haasi,1525641
barbus meridionalis,barbus meridionalis,1022733
barbus plebejus,barbus plebejus,1022195
barbus prespensis,barbus prespensis,1525656
benthesicymus investigatoris,maorrancaris investigatoris,1391002
benthesicymus strabus,bathicaris strabus,1390999
benthesicymus tanneri,benthoecetes tanneri,1391797
betta bellica,betta bellica,1017852
betta livida,betta livida,1011156
betta splendens,betta splendens,862539
betta waseri,betta waseri,1011866
bornella stellifer,bornella stellifera,404964
bostrychus expatria,bostrychus expatria,1016203
brachyplatystoma juruense,brachyplatystoma juruense,1026890
brachyplatystoma platynemum,brachyplatystoma platynemum,1019164
brachyplatystoma rousseauxii,brachyplatystoma rousseauxii,1021508
melanotaenia exquisita,melanotaenia exquisita,1049468
melanotaenia gracilis,melanotaenia gracilis,1012560
melanotaenia splendida,melanotaenia splendida,991277
melita obtusata,abludomelita obtusata,102788
menidia extensa,menidia extensa,1014365
merluccius gayi peruanus,merluccius peruanus,1524920
mesodesma mactroides,amarilladesma mactroides,505790
mesoheros festae,mesoheros festae,1468486
microcephalophis gracilis,hydrophis gracilis,344633
micromelo undata,micromelo undatus,140121
midorigai australis,berthelinia australis,492586
mobula eregoodootenkee,mobula kuhlii,217436
mobula japanica,mobula mobular,105858
monoculodes carinatus,kroyera carinata,547074
morone chrysops,morone chrysops,422560
morula granulata,tenguella granulata,716636
morula musiva,tenguella musiva,716638
moxostoma anisurum,moxostoma anisurum,1022837
moxostoma carinatum,moxostoma carinatum,1421422
moxostoma duquesnei,moxostoma duquesnei,1022878
moxostoma erythrurum,moxostoma erythrurum,1022856
moxostoma hubbsi,moxostoma hubbsi,1014131
moxostoma valenciennesi,moxostoma valenciennesi,1015875
mugilogobius adeia,mugilogobius adeia,1011153
mugilogobius sarasinorum,mugilogobius sarasinorum,1019250
mullus barbatus ponticus,mullus barbatus ponticus,293633
myoxocephalus thompsonii,myoxocephalus thompsonii,567535
mysella bidentata,kurtiella bidentata,345281
mysidopsis almyra,americamysis almyra,161345
mystus albolineatus,mystus albolineatus,1010964
mystus atrifasciatus,mystus atrifasciatus,1015043
mystus bocourti,mystus bocourti,1420603
mystus keletius,mystus keletius,1022385
mystus multiradiatus,mystus multiradiatus,1011159
mystus mysticetus,mystus mysticetus,1011160
mystus nigriceps,mystus nigriceps,1022024
mystus rhegma,mystus rhegma,1015270
mystus singaringan,mystus singaringan,1026297
mystus tengara,mystus tengara,1022781
mytella bicolor,mytella guyanensis,533145
mytella charruana,mytella strigata,1458663
mytilus coruscus,mytilus unguiculatus,541675
nannoperca oxleyana,nannoperca oxleyana,991284
nannoperca vittata,nannoperca vittata,1020471
navanax polyalphos,navanax polyalphos,581410
neanthes succinea,alitta succinea,234850
nedystoma dayi,nedystoma dayi,1019816
nemapteryx augusta,nemapteryx augusta,1012629
nematalosa flyensis,nematalosa flyensis,1012165
nematalosa papuensis,nematalosa papuensis,1013595
neoarius berneyi,neoarius berneyi,991190
neoarius coatesi,neoarius coatesi,1011466
neoarius latirostris,neoarius latirostris,1015193
neoarius taylori,neoarius taylori,1011445
neoarius utarus,neoarius utarus,1011467
neoarius velutinus,neoarius velutinus,1015372
neosalanx pseudotaihuensis,neosalanx pseudotaihuensis,1011620
nomorhamphus liemi,nomorhamphus liemi,1012548
nosferatu bartoni,nosferatu bartoni,1019561
nosferatu steindachneri,nosferatu steindachneri,1018991
notropis anogenus,notropis anogenus,1019835
notropis atherinoides,notropis atherinoides,567536
notropis bifrenatus,notropis bifrenatus,888531
notropis blennius,notropis blennius,1419433
notropis boops,notropis boops,1019858
notropis buccatus,notropis buccata,1420926
notropis buchanani,notropis buchanani,1019264
notropis dorsalis,notropis dorsalis,1017717
notropis heterodon,notropis heterodon,1420801
notropis photogenis,notropis photogenis,1020956
notropis procne,notropis procne,1020958
notropis rubellus,notropis rubellus,1020944
notropis stramineus,notropis stramineus,1020955
notropis texanus,notropis texanus,1019547
notropis volucellus,notropis volucellus,1026690
nymphon rubrum,nymphon brevirostre,150520
oceanodroma furcata,oceanodroma furcata,343962
octopus burryi,amphioctopus burryi,420653
odaxothrissa mento,odaxothrissa mento,1017109
odontesthes mauleanum,odontesthes mauleanum,990517
ompok hypophthalmus,ompok hypophthalmus,1021751
ompok malabaricus,ompok malabaricus,1022384
oncorhynchus aguabonita,oncorhynchus aguabonita,1019567
oncorhynchus formosanus,oncorhynchus formosanus,1016972
onuphis quadricuspis,paradiopatra quadricuspis,130480
onykia ingens,moroteuthopsis ingens,1452502
ophelina acuminata,ophelina acuminata,130500
ophiothrix savignyi,ophiothrix (ophiothrix) savignyi,244191
opisthoteuthis vossi,opisthoteuthis massyae,153060
oreochromis esculentus,oreochromis esculentus,1016104
oreochromis hunteri,oreochromis hunteri,1019688
oreochromis jipe,oreochromis jipe,1027004
oreochromis karomo,oreochromis karomo,1014343
oreochromis karongae,oreochromis karongae,1014812
oreochromis leucostictus,oreochromis leucostictus,1014962
oreochromis lidole,oreochromis lidole,1014813
oreochromis macrochir,oreochromis macrochir,298252
oreochromis mortimeri,oreochromis mortimeri,1013438
oreochromis saka,oreochromis saka,1014123
oreochromis schwebischi,oreochromis schwebischi,1026683
oreochromis squamipinnis,oreochromis squamipinnis,1420555
oreochromis tanganicae,oreochromis tanganicae,279204
oreochromis upembae,oreochromis upembae,1012193
oreochromis variabilis,oreochromis variabilis,1018485
orthopristis rubra,orthopristis ruber,275746
oryzias mekongensis,oryzias mekongensis,1383821
oryzias sinensis,oryzias sinensis,1011586
osmerus spectrum,osmerus spectrum,1020588
osphronemus exodon,osphronemus exodon,1010962
osteochilus brachynotopteroides,osteochilus brachynotopteroides,1015482
osteochilus chini,osteochilus chini,1525826
osteochilus enneaporos,osteochilus enneaporos,1021725
osteochilus lini,osteochilus lini,1015262
osteochilus melanopleurus,osteochilus melanopleura,1021724
osteochilus melanopleurus,osteochilus vittatus,1015115
osteochilus microcephalus,osteochilus microcephalus,1021558
osteochilus schlegelii,osteochilus schlegelii,1021776
osteochilus vittatus,osteochilus vittatus,1015115
osteochilus waandersii,osteochilus waandersii,1015515
otaria flavescens,otaria byronia,344630
oxyeleotris aruensis,oxyeleotris aruensis,991291
oxyeleotris heterodon,oxyeleotris heterodon,1018349
oxyeleotris lineolata,oxyeleotris lineolata,991293
oxynoemacheilus theophilii,oxynoemacheilus theophilii,1008878
pachypops fourcroi,pachypops fourcroi,1026862
pachyptila crassirostris,pachyptila turtur,212648
pallenopsis scoparia,bathypallenopsis scoparia,240259
pangasius bocourti,pangasius bocourti,888193
pangasius conchophilus,pangasius conchophilus,1011287
pangasius djambal,pangasius djambal,1010349
pangasius larnaudii,pangasius larnaudii,1015103
pangasius macronema,pangasius macronema,1015094
pangasius sanitwongsei,pangasius sanitwongsei,1015767
pangio anguillaris,pangio anguillaris,1470218
pangio oblonga,pangio oblonga,1021994
paracalanus crassirostris,parvocalanus crassirostris,360051
parachromis loisellei,parachromis loisellei,1011596
parachromis managuensis,parachromis managuensis,1020811
paraliparis copei copei,paraliparis copei copei,293702
parambassis apogonoides,parambassis apogonoides,1021768
parambassis gulliveri,parambassis gulliveri,1019822
parambassis wolffii,parambassis wolffii,1018732
paraonis lyra,paradoneis lyra,130585
parapenaeopsis atlantica,holthuispenaeopsis atlantica,584968
parapenaeopsis tenella,batepenaeopsis tenella,584938
pelecanus conspicillatus,pelecanus conspicillatus,343934
pelecanus crispus,pelecanus crispus,137175
pelecanus erythrorhynchos,pelecanus erythrorhynchos,159058
pelecanus philippensis,pelecanus philippensis,343936
pelecanus rufescens,pelecanus rufescens,212726
perca schrenkii,perca schrenkii,1020373
percina caprodes,percina caprodes,593219
percina copelandi,percina copelandi,1422313
percina maculata,percina maculata,954586
percina notogramma,percina notogramma,1419900
percina sciera,percina sciera,1425019
percina shumardi,percina shumardi,593220
perisesarma guttatum,parasesarma guttatum,1061907
pethia conchonius,pethia conchonius,991302
pethia cumingii,pethia cumingii,1020763
pethia gelius,pethia gelius,1022796
pethia nigrofasciata,pethia nigrofasciata,1020764
pethia phutunio,pethia phutunio,1026592
phalacrocorax albiventer,phalacrocorax atriceps,225759
phalacrocorax colensoi,phalacrocorax campbelli,225922
phalacrocorax coronatus,phalacrocorax africanus,212701
phalacrocorax niger,phalacrocorax niger,343948
phalacrocorax pygmaeus,phalacrocorax pygmaeus,343953
phalacrocorax sulcirostris,phalacrocorax sulcirostris,343955
phalaropus tricolor,phalaropus tricolor,159043
phascolion convestitum,phascolion (isomya) convestitum,175036
phascolosoma meteori,phascolosoma (phascolosoma) meteori,220540
philinopsis cyanea,philinopsis speciosa,559039
photis longipes,cerapopsis longipes,236521
phalacrocorax georgianus,no match,NA
phalacrocorax purpurascens,no match,NA
phoxinus colchicus,phoxinus colchicus,1017829
phylo kubbarensis,phylo kubbarensis,330648
phylo kuwaitica,phylo kuwaitica,330649
pilodius scabriculus,luniella scabriculus,881755
pimelodella cristata,pimelodella cristata,1021883
pimelodella geryi,pimelodella geryi,1383578
pimelodella gracilis,pimelodella gracilis,1022590
pimelodella hasemani,pimelodella hasemani,1017057
pimelodus absconditus,pimelodus absconditus,1384072
pimelodus maculatus,pimelodus maculatus,1021320
pimelodus navarroi,pimelodus navarroi,1525144
pinctada fucata,pinctada imbricata fucata,564659
plagioscion auratus,plagioscion auratus,991166
plagioscion montei,plagioscion montei,1010087
plagioscion squamosissimus,plagioscion squamosissimus,990098
planes cyaneus,planes minutus,107462
planes major,planes minutus,107462
platichthys bicoloratus,platichthys bicoloratus,305689
platybelone argalus argalus,platybelone argalus argalus,293709
platybelone argalus platyura,platybelone argalus platyura,293712
platybelone argalus pterura,platybelone argalus pterura,293713
pleurobranchus forskali,pleurobranchus forskalii,140819
poecilia caucana,poecilia caucana,1020045
poeciliopsis retropinna,poeciliopsis retropinna,1018210
polybius holsatus,liocarcinus holsatus,107388
polybranchia orientalis,polybranchia orientalis,494520
polycheles sculptus,stereomastis sculpta,107700
poropuntius kontumensis,poropuntius kontumensis,1015555
poropuntius laoensis,poropuntius laoensis,1020730
portunus spinicarpus,achelous spinicarpus,557889
potamilla ceylonica,perkinsiana ceylonica,1006770
potamilla ehlersi,pseudopotamilla saxicava,1054343
praxillella affinis,praxillella affinis,130322
priapichthys annectens,priapichthys annectens,1018339
prosopium coulterii,prosopium coulterii,567545
prosopium williamsoni,prosopium williamsoni,567546
pseudolais micronemus,pseudolais micronemus,1013863
pseudophoxinus drusensis,pseudophoxinus drusensis,1015652
pseudophoxinus kervillei,pseudophoxinus kervillei,1026868
pseudoplatystoma corruscans,pseudoplatystoma corruscans,1026889
pseudoplatystoma fasciatum,pseudoplatystoma fasciatum,874261
pseudotropheus benetos,pseudotropheus benetos,1010679
pseudotropheus brevis,pseudotropheus brevis,1015407
pseudotropheus crabro,pseudotropheus crabro,1012281
pseudotropheus cyaneorhabdos,pseudotropheus cyaneorhabdos,1010682
pseudotropheus fuscoides,pseudotropheus fuscoides,1013979
pseudotropheus fuscus,pseudotropheus fuscus,1015282
pseudotropheus interruptus,pseudotropheus interruptus,1010681
pseudotropheus perileucos,pseudotropheus perileucos,1010678
pseudotropheus tursiops,pseudotropheus tursiops,1012850
pseudotropheus williamsi,pseudotropheus williamsi,1467887
puffinus newelli,puffinus auricularis,343985
pugilina cochlidium,volegalea cochlidium,754350
puntius bimaculatus,puntius bimaculatus,1020699
puntius brevis,puntius brevis,1012605
puntius chola,puntius chola,1026489
puntius dorsalis,puntius dorsalis,1021852
puntius masyai,puntius masyai,1014396
rasbora argyrotaenia,rasbora argyrotaenia,1021906
rasbora aurotaenia,rasbora aurotaenia,1014466
rasbora borapetensis,rasbora borapetensis,1015494
rasbora caudimaculata,rasbora caudimaculata,1014883
rasbora dusonensis,rasbora dusonensis,1021818
rasbora einthovenii,rasbora einthovenii,1026704
rasbora hobelmani,rasbora hobelmani,1012071
rasbora paucisqualis,rasbora paucisqualis,1015272
rasbora paviana,rasbora paviana,1019830
rasbora tornieri,rasbora tornieri,1016673
rasbora trilineata,rasbora trilineata,1015577
rhamdia quelen,rhamdia quelen,1022983
rhinogobius mekongianus,rhinogobius mekongianus,1026668
rhizophysa eysenhardti,rhizophysa eysenhardtii,135481
rhodeus amarus,rhodeus amarus,154331
rhodeus sericeus,rhodeus sericeus,154613
rhynchocypris oxycephalus,rhynchocypris oxycephalus,1019045
brachyrhaphis holdridgei,brachyrhaphis holdridgei,1013336
brachyrhaphis olomina,brachyrhaphis olomina,1017256
brachyrhaphis parismina,brachyrhaphis parismina,1017617
brachyrhaphis rhabdophora,brachyrhaphis rhabdophora,1018212
brachyrhaphis roseni,brachyrhaphis roseni,1383858
brachyrhaphis terrabensis,brachyrhaphis terrabensis,1018340
branchiomma cingulata,branchiomma cingulatum,333129
bursa granularis,dulcerana granularis,1472303
cancer gracilis,metacarcinus gracilis,440387
cantharus undosus,pollia undosa,217065
caphyra rotundifrons,trierarchus rotundifrons,1467107
caranx bartholomaei,carangoides bartholomaei,159630
caspiomyzon hellenicus,caspiomyzon hellenicus,1524182
catostomus columbianus,catostomus columbianus,592847
catostomus macrocheilus,catostomus macrocheilus,567524
catostomus platyrhynchus,catostomus platyrhynchus,592848
cephaloscyllium isabella,cephaloscyllium laticeps,277102
cerataspis monstruosus,cerataspis monstrosus,589796
ceratosoma amoena,ceratosoma amoenum,533898
ceratosoma magnificum,miamira magnifica,597462
cerithidea cingulata,pirenella cingulata,870525
chamelea striatula,chamelea striatula,141908
channa argus,channa argus,594763
channa asiatica,channa asiatica,1018804
channa gachua,channa gachua,743378
rhynchocypris percnurus,rhynchocypris percnurus,1026590
roboastra tigris,tyrannodoris tigris,1036134
ruditapes philippinarum,ruditapes philippinarum,231750
rutilus meidingeri,rutilus meidingeri,1021759
rutilus pigus,rutilus pigus,1022095
sabanejewia larvata,sabanejewia larvata,1019953
sabellaria spinulosa,sabellaria spinulosa,130867
saccostrea cucullata,saccostrea cuccullata,181316
salmo akairos,salmo akairos,1009264
salmo carpio,salmo carpio,1016172
salmo ferox,salmo ferox,1021730
salmo ferox,salvelinus namaycush,567548
salmo ischchan,salmo ischchan,1019744
salmo letnica,salmo letnica,1016491
salmo marmoratus,salmo marmoratus,1019650
salmo ohridanus,salmo ohridanus,1019537
salvelinus jacuticus,salvelinus jacuticus,1015259
salvelinus namaycush,salvelinus namaycush,567548
salvelinus vasiljevae,salvelinus vasiljevae,1009175
salvelinus willoughbii,salvelinus willoughbii,1021127
sander canadensis,sander canadensis,723270
sardinella tawilis,sardinella tawilis,1016224
sarotherodon caroli,sarotherodon caroli,1015923
sarotherodon knauerae,sarotherodon knauerae,1007915
sarotherodon linnellii,sarotherodon linnellii,1018765
sarotherodon lohbergeri,sarotherodon lohbergeri,1015925
sarotherodon steinbachi,sarotherodon steinbachi,1013706
scaphirhynchus albus,scaphirhynchus albus,1425016
scardinius acarnanicus,scardinius acarnanicus,1011253
scardinius graecus,scardinius graecus,1008152
schistura dalatensis,schistura dalatensis,1009952
schistura daubentoni,schistura daubentoni,1011414
schistura dorsizona,schistura dorsizona,1010482
schistura kohchangensis,schistura kohchangensis,1015650
schistura magnifluvis,schistura magnifluvis,1011415
schistura nicholsi,schistura nicholsi,1015510
schistura oedipus,schistura oedipus,1011805
schistura semiarmata,schistura semiarmata,1461244
sciades paucus,sciades paucus,1010231
scolelepis squamata,scolelepis (scolelepis) squamata,157566
scoloplos armiger,scoloplos armiger,130537
scoloplos chevalieri,leodamas chevalieri,1346018
scortum parviceps,scortum parviceps,1019919
sepiola ligulata,adinaefiola ligulata,1437787
sergestes curvatus,deosergestes corniculum,514117
sergestes edwardsii,neosergestes edwardsii,514130
sergestes henseni,deosergestes henseni,514121
sergestes paraseminudus,deosergestes paraseminudus,514123
sergestes vigilax,parasergestes vigilax,514141
sergia bigemmea,gardinerosergia bigemmea,1056498
sergia challengeri,challengerosergia challengeri,1056489
sergia creber,robustosergia regalis,1056519
sergia gardineri,gardinerosergia gardineri,1056497
sergia potens,phorcosergia potens,1056514
sergia regalis,robustosergia regalis,1056519
sergia scintillans,scintillosergia scintillans,1056521
sergia splendens,gardinerosergia splendens,1056501
sergia talismani,challengerosergia talismani,1056495
silonia childreni,silonia childreni,1026277
silurus asotus,silurus asotus,1018214
silurus soldatovi,silurus soldatovi,1014293
sinibotia longiventralis,sinibotia longiventralis,1011199
sinibotia pulchra,sinibotia pulchra,1012595
sinibotia superciliaris,sinibotia superciliaris,1019560
siniperca chuatsi,siniperca chuatsi,1021545
siniperca roulei,siniperca roulei,1015853
siphonaria lessoni,siphonaria lessonii,533427
sperata aor,sperata aor,1022803
squalius alburnoides,squalius alburnoides,1020902
squalius carolitertii,squalius carolitertii,1011808
squalius ghigii,squalius ghigii,1016204
squalius illyricus,squalius illyricus,1021301
squalius lucumonis,squalius lucumonis,1012183
squalius pyrenaicus,squalius pyrenaicus,1020756
squalius svallize,squalius svallize,1383075
sterna acuticauda,sterna acuticauda,343924
sterna aurantia,sterna aurantia,343926
sterna lorata,sternula lorata,567828
sternula superciliaris,sternula superciliaris,567841
stichaeus punctatus punctatus,stichaeus punctatus punctatus,293745
stomias boa boa,stomias boa boa,234601
stomias boa ferox,stomias boa ferox,158737
streblosoma longa,pseudostreblosoma longum,888590
strombus gibberulus,gibberulus gibberulus,564627
strombus luhuanus,conomurex luhuanus,565370
strongylura notata forsythia,strongylura notata forsythia,293748
strongylura notata notata,strongylura notata notata,275983
sundasalanx malleti,sundasalanx malleti,1010644
synaptura salinarum,synaptura salinarum,991195
syrinx aruanus,syrinx aruana,1498452
systomus pleurotaenia,systomus pleurotaenia,1021113
systomus rubripinnis,systomus rubripinnis,1015998
tachysurus fulvidraco,tachysurus fulvidraco,1022007
tamanovalva babai,berthelinia babai,492587
tambja fusca,tambja abdere,527359
tectura scutum,lottia scutum,456605
tellina fabula,fabulina fabula,146907
telothelepus macrothoracicus,mesopothelepus macrothoracicus,993943
tenualosa thibaudeaui,tenualosa thibaudeaui,1014887
terebra areolata,myurellopsis kilburni,1417647
terebra areolata,oxymeris areolata,564239
terebra crenulata,oxymeris crenulata,564243
terebra maculata,oxymeris crenulata,564243
terebra maculata,oxymeris maculata,447359
tetraodon schoutedeni,tetraodon schoutedeni,1016284
thais bufo,purpura bufo,208642
thais clavigera,reishia clavigera,397003
thais luteostoma,reishia luteostoma,714213
thalamita crenata,thranita crenata,1467070
thalamita danae,thranita danae,1467072
thryssa rastrosa,thryssa rastrosa,1012586
thryssocypris ornithostoma,thryssocypris ornithostoma,1011281
thyasira equalis,parathyasira equalis,954693
thymallus arcticus,thymallus arcticus,254571
thymallus baicalensis,thymallus baicalensis,1421968
thymallus grubii,thymallus grubii,293751
thymallus nigrescens,thymallus nigrescens,1424352
tochuina tetraquetra,tritonia tetraquetra,851422
tortanus forcipatus,tortanus (tortanus) forcipatus,720587
toxotes kimberleyensis,toxotes kimberleyensis,1397827
trachyscorpia cristulata echinata,trachyscorpia cristulata echinata,293754
travisia forbesii,travisia forbesii,130512
tritonia nilsodhneri,duvaucelia odhneri,748537
trochus niloticus,rochia nilotica,1251282
tylochromis bangwelensis,tylochromis bangwelensis,1016873
tylochromis elongatus,tylochromis elongatus,1011559
tylochromis labrodon,tylochromis labrodon,1016871
tylochromis lateralis,tylochromis lateralis,1018982
tylochromis leonensis,tylochromis leonensis,581720
tylochromis microdon,tylochromis microdon,1016872
tylochromis mylodon,tylochromis mylodon,1012247
tylochromis polylepis,tylochromis polylepis,1018983
tylochromis praecox,tylochromis praecox,1316445
tylochromis pulcher,tylochromis pulcher,1011553
tylochromis regani,tylochromis regani,1011554
tylochromis robertsi,tylochromis robertsi,1011555
tylochromis sudanensis,tylochromis sudanensis,1014082
tylochromis trewavasae,tylochromis trewavasae,1011556
tylochromis variabilis,tylochromis variabilis,1011557
tylosurus acus acus,tylosurus acus acus,236459
tylosurus acus imperialis,tylosurus acus imperialis,236460
tylosurus acus melanotus,tylosurus acus melanotus,293756
tylosurus acus rafale,tylosurus acus rafale,293755
uca burgersi,minuca burgersi,955259
uca inversa,cranuca inversa,955192
uca leptodactyla,leptuca leptodactyla,955233
uca minax,minuca minax,955266
uca pugilator,leptuca pugilator,955239
uca pugnax,minuca pugnax,955270
uca rapax,minuca rapax,955271
uca sindensis,austruca sindensis,955189
uca tetragonon,gelasimus tetragonon,210223
uroteuthis chinensis,uroteuthis (photololigo) chinensis,574516
uroteuthis duvaucelii,uroteuthis (photololigo) duvaucelii,574517
uroteuthis edulis,uroteuthis (photololigo) edulis,574518
vasum turbinellum,vasum turbinellus,211103
venerupis pullastra,venerupis corrugata,181364
vitrinella elegans,solariorbis elegans,591021
wallago leerii,wallago leerii,1014809
wallago micropogon,wallago micropogon,1009429
xanthias lamarcki,xanthias lamarckii,444335
xenentodon canciloides,xenentodon canciloides,1021598
xenophora solaris,stellaria solaris,217332
xiphophorus maculatus,xiphophorus maculatus,862549
xiphophorus variatus,xiphophorus variatus,1018625
xystreurys rasile,xystreurys rasilis,283200
zenarchopterus kampeni,zenarchopterus kampeni,1015385
zeugopterus norvegicus,zeugopterus norvegicus,293018
zidona dufresnei,zidona dufresnii,382412
