orig_sciname,valid_name,aphia_id
acanthobrama microlepis,acanthobrama microlepis,1020219
acheilognathus asmussii,acheilognathus asmussii,1020529
acipenser dabryanus,acipenser dabryanus,410045
ameiurus natalis,ameiurus natalis,154201
ameiurus nebulosus,ameiurus nebulosus,154370
ameiurus platycephalus,ameiurus platycephalus,1021283
anabas cobojius,anabas cobojius,1026433
apistogramma caetei,apistogramma caetei,1012408
apistogramma eunotus,apistogramma eunotus,1012308
apistogramma hippolytae,apistogramma hippolytae,1012210
apistogramma meinkeni,apistogramma meinkeni,1383704
apistogramma rupununi,apistogramma rupununi,1525853
apistogramma steindachneri,apistogramma steindachneri,1013801
apistogramma trifasciata,apistogramma trifasciata,1018727
arripis georgiana,arripis georgianus,279692
australoheros facetus,australoheros facetus,1020668
barbodes semifasciolatus,barbodes semifasciolatus,1026350
barbus barbus,barbus barbus,154292
barbus ciscaucasicus,barbus ciscaucasicus,1020176
barbus meridionalis,barbus meridionalis,1022733
barbus plebejus,barbus plebejus,1022195
betta splendens,betta splendens,862539
brachyrhaphis episcopi,brachyrhaphis episcopi,1017438
brachyrhaphis hartwegi,brachyrhaphis hartwegi,1012460
brachyrhaphis rhabdophora,brachyrhaphis rhabdophora,1018212
holothuria scabra,holothuria (metriatyla) scabra,210813
hucho hucho,hucho hucho,1023062
hypostomus affinis,hypostomus affinis,1422382
hypostomus ancistroides,hypostomus ancistroides,1312590
hypostomus hermanni,hypostomus hermanni,1438498
hypostomus plecostomus,hypostomus plecostomus,862544
hypseleotris galii,hypseleotris galii,1369475
ictalurus punctatus,ictalurus punctatus,465537
labeo coubie,labeo coubie,1013812
labeo dussumieri,labeo dussumieri,1022166
labeo fimbriatus,labeo fimbriatus,1022460
labeo senegalensis,labeo senegalensis,1022161
lampetra aepyptera,lampetra aepyptera,1026288
lampetra planeri,lampetra planeri,148719
lampetra richardsoni,lampetra richardsoni,592841
lepomis auritus,lepomis auritus,151291
lepomis microlophus,lepomis microlophus,1042661
lethenteron alaskense,lethenteron alaskense,1012536
lethenteron appendix,lethenteron appendix,845581
lethenteron kessleri,lethenteron kessleri,1018532
lethenteron reissneri,lethenteron reissneri,298381
lethenteron zanandreai,lethenteron zanandreai,1524939
limia perugiae,limia perugiae,1018425
lucania goodei,lucania goodei,422558
macquaria ambigua,macquaria ambigua,1020364
macquaria australasica,macquaria australasica,991274
macrobrachium ohione,macrobrachium ohione,421686
macrobrachium vollenhovenii,macrobrachium vollenhoveni,240834
mazarunia mazarunii,mazarunia mazarunii,1011392
melanotaenia eachamensis,melanotaenia eachamensis,991275
melanotaenia splendida,melanotaenia splendida,991277
menidia extensa,menidia extensa,1014365
mobula japanica,mobula mobular,105858
mordacia praecox,mordacia praecox,1008377
morone chrysops,morone chrysops,422560
moxostoma valenciennesi,moxostoma valenciennesi,1015875
mystus tengara,mystus tengara,1022781
nannoperca australis,nannoperca australis,1020006
nannoperca oxleyana,nannoperca oxleyana,991284
nannoperca vittata,nannoperca vittata,1020471
neosalanx taihuensis,neosalanx taihuensis,1013993
nereis anomala,pseudonereis anomala,130421
notropis anogenus,notropis anogenus,1019835
notropis atherinoides,notropis atherinoides,567536
notropis baileyi,notropis baileyi,1014042
notropis blennius,notropis blennius,1419433
notropis buccatus,notropis buccata,1420926
notropis harperi,notropis harperi,1014419
notropis heterodon,notropis heterodon,1420801
notropis maculatus,notropis maculatus,1014679
notropis petersoni,notropis petersoni,1014420
notropis rubellus,notropis rubellus,1020944
notropis stramineus,notropis stramineus,1020955
notropis texanus,notropis texanus,1019547
notropis volucellus,notropis volucellus,1026690
ompok pabda,ompok pabda,1026982
oreochromis jipe,oreochromis jipe,1027004
oreochromis karomo,oreochromis karomo,1014343
oreochromis variabilis,oreochromis variabilis,1018485
oryzias matanensis,oryzias matanensis,1015395
oryzias sinensis,oryzias sinensis,1011586
osphronemus exodon,osphronemus exodon,1010962
osteobrama cotio,osteobrama cotio,1026492
osteochilus vittatus,osteochilus vittatus,1015115
oxyeleotris heterodon,oxyeleotris heterodon,1018349
oxyeleotris lineolata,oxyeleotris lineolata,991293
pangasius conchophilus,pangasius conchophilus,1011287
pao cochinchinensis,pao cochinchinensis,1461226
parachromis managuensis,parachromis managuensis,1020811
pelvicachromis taeniatus,pelvicachromis taeniatus,1013810
percina aurantiaca,percina aurantiaca,1461254
percina caprodes,percina caprodes,593219
percina copelandi,percina copelandi,1422313
percina macrolepida,percina macrolepida,1013153
percina maculata,percina maculata,954586
percina nigrofasciata,percina nigrofasciata,954585
percina pantherina,percina pantherina,1524938
percina phoxocephala,percina phoxocephala,1020316
percina sciera,percina sciera,1425019
percina tanasi,percina tanasi,1012787
percina vigil,percina vigil,1019782
pethia gelius,pethia gelius,1022796
pimelodus maculatus,pimelodus maculatus,1021320
poeciliopsis gracilis,poeciliopsis gracilis,1016360
poeciliopsis occidentalis,poeciliopsis occidentalis,1021674
polybius holsatus,liocarcinus holsatus,107388
prosopium coulterii,prosopium coulterii,567545
prosopium spilonotus,prosopium spilonotus,1525712
prosopium williamsoni,prosopium williamsoni,567546
pseudoplatystoma corruscans,pseudoplatystoma corruscans,1026889
pseudotropheus johannii,pseudotropheus johannii,1012953
pseudotropheus livingstonii,pseudotropheus livingstonii,1468479
puntius titteya,puntius titteya,1015948
rasbora borapetensis,rasbora borapetensis,1015494
rasbora tawarensis,rasbora tawarensis,1017128
rhamdia quelen,rhamdia quelen,1022983
rhodeus amarus,rhodeus amarus,154331
rhodeus sericeus,rhodeus sericeus,154613
salvelinus elgyticus,salvelinus elgyticus,1012296
sander canadensis,sander canadensis,723270
sardinella tawilis,sardinella tawilis,1016224
scaphirhynchus albus,scaphirhynchus albus,1425016
scaphirhynchus platorynchus,scaphirhynchus platorynchus,1022840
scardinius acarnanicus,scardinius acarnanicus,1011253
silurus aristotelis,silurus aristotelis,1287492
silurus triostegus,silurus triostegus,1022128
siniperca chuatsi,siniperca chuatsi,1021545
squalius svallize,squalius svallize,1383075
stichopus variegatus,stichopus horrens,210914
sundasalanx praecox,sundasalanx praecox,1383753
thymallus arcticus,thymallus arcticus,254571
uroteuthis duvaucelii,uroteuthis (photololigo) duvaucelii,574517
uroteuthis singhalensis,uroteuthis (photololigo) singhalensis,574522
xiphophorus nezahualcoyotl,xiphophorus nezahualcoyotl,1011405
caranx bartholomaei,carangoides bartholomaei,159630
catostomus macrocheilus,catostomus macrocheilus,567524
catostomus platyrhynchus,catostomus platyrhynchus,592848
catostomus snyderi,catostomus snyderi,1019152
channa argus,channa argus,594763
channa gachua,channa gachua,743378
channa marulius,channa marulius,1026844
charybdis bimaculata,charybdis (gonioneptunus) bimaculata,442874
charybdis hellerii,charybdis (charybdis) hellerii,107382
charybdis natator,charybdis (charybdis) natator,208817
chiloglanis bifurcus,chiloglanis bifurcus,1013241
chiloglanis emarginatus,chiloglanis emarginatus,1013224
chlamydogobius eremius,chlamydogobius eremius,1019285
chondrostoma kubanicum,chondrostoma kubanicum,1525860
chondrostoma nasus,chondrostoma nasus,154585
chondrostoma regium,chondrostoma regium,1418527
chrysichthys nigrodigitatus,chrysichthys nigrodigitatus,581699
cichla monoculus,cichla monoculus,1014783
cirrhinus molitorella,cirrhinus molitorella,1026709
clarias agboyiensis,clarias agboyiensis,1012443
clarias anguillaris,clarias anguillaris,581700
clarias cavernicola,clarias cavernicola,1015147
clarias jaensis,clarias jaensis,1012373
clupea pallasii pallasii,clupea pallasii pallasii,293568
cnesterodon carnegiei,cnesterodon carnegiei,1017684
cobitis paludica,cobitis paludica,1014050
cobitis simplicispina,cobitis simplicispina,1016306
cobitis taenia,cobitis taenia,154373
cobitis turcica,cobitis turcica,1016356
coptodon discolor,coptodon discolor,1470226
coregonus chadary,coregonus chadary,1020664
coregonus hoyi,coregonus hoyi,1049459
coregonus nelsonii,coregonus nelsonii,567526
cottus bairdii,cottus bairdii,578660
cottus beldingii,cottus beldingii,1019570
cottus confusus,cottus confusus,592852
cottus klamathensis,cottus klamathensis,1018051
cottus paulus,cottus paulus,1010216
cottus perplexus,cottus perplexus,1019368
cottus pollux,cottus pollux,1020436
cottus rhotheus,cottus rhotheus,592854
datnioides microlepis,datnioides microlepis,1021577
deania calceus,deania calcea,105903
emmelichthys nitidus nitidus,emmelichthys nitidus nitidus,293589
enteromius ablabes,enteromius ablabes,1420090
enteromius paludinosus,enteromius paludinosus,1214761
enteromius treurensis,enteromius treurensis,1524871
enteromius venustus,enteromius venustus,1524243
entosphenus minimus,entosphenus minimus,1524387
esomus malayensis,esomus malayensis,1536316
fundulus notatus,fundulus notatus,1020951
fundulus rathbuni,fundulus rathbuni,1019684
fundulus waccamensis,fundulus waccamensis,1014366
galaxias auratus,galaxias auratus,1019889
galaxias divergens,galaxias divergens,1013839
galaxias johnstoni,galaxias johnstoni,404141
galaxias occidentalis,galaxias occidentalis,1019000
galaxias pedderensis,galaxias pedderensis,991215
galaxias vulgaris,galaxias vulgaris,1014254
galaxias zebratus,galaxias zebratus,1017092
galaxiella munda,galaxiella munda,1012572
galaxiella nigrostriata,galaxiella nigrostriata,1049483
galaxiella pusilla,galaxiella pusilla,991217
gambusia yucatana,gambusia yucatana,422559
geophagus surinamensis,geophagus surinamensis,935001
glossogobius matanensis,glossogobius matanensis,1017385
gobio soldatovi,gobio soldatovi,1016070
haliotis pustulata,haliotis rugosa pustulata,730609
hemibagrus wyckii,hemibagrus wyckii,1021363
hemichromis elongatus,hemichromis elongatus,1021151
hemichromis fasciatus,hemichromis fasciatus,581701
hippocampus fuscus,hippocampus kuda,212237
holothuria fuscogilva,holothuria (microthele) fuscogilva,210874
holothuria fuscopunctata,holothuria (microthele) fuscopunctata,210854
holothuria fuscopunctata,holothuria (mertensiothuria) hilla,529402
holothuria nobilis,holothuria (microthele) nobilis,210835
