orig_sciname,valid_name,aphia_id,taxonkey,taxon_name,common_name,descript,tax_level,worms_name,comments
clupeoids,clupeoides,268802,100035,Clupeoids,Herrings sardines anchovies,pelagic <30 cm,1,clupeoides,
scombroids,scomberoides,204103,100036,Scombroids,Tunas bonitos billfishes,pelagic >=90 cm,1,scomberoides,
scombroids,scombrops,205444,100036,Scombroids,Tunas bonitos billfishes,pelagic >=90 cm,1,scombrops,
crustacea,crustacea,1066,290022,Crustacea,Crustaceans,lobsters crab,2,crustacea,
teuthida,teuthida,11716,390002,Teuthida,Squids,cephalopods,3,teuthida,
inermiidae,haemulinae,714648,400479,Inermiidae,Bonnetmouths,pelagic <30 cm,4,haemulinae,
brachyura,brachyura,106673,490097,Brachyura,Marine crabs,lobsters crab,4,brachyura,
aspitrigla cuculus,chelidonichthys cuculus,127259,600044,Aspitrigla cuculus,East Atlantic red gurnard,demersal 30 - 90 cm,6,chelidonichthys cuculus,
rhinobatos percellens,pseudobatos percellens,1043607,600140,Rhinobatos percellens,Chola guitarfish,rays >=90 cm,6,pseudobatos percellens,
marine animals,no match,NA,100000,Marine animals,Marine animals,demersal <30 cm,1,NA,
miscellaneous diadromous,no match,NA,100025,Miscellaneous diadromous fishes,Diadromous fishes,demersal >=90 cm,1,NA,
sharks rays,no match,NA,100038,Sharks rays chimaeras,Sharks rays skates etc,rays <90 cm,1,NA,
sharks rays,no match,NA,100338,Sharks rays chimaeras,Cartilaginous fishes,rays <90 cm,1,NA,
sharks rays,no match,NA,100538,Sharks rays chimaeras,Various sharks,rays <90 cm,1,NA,
marine fishes,no match,NA,100039,Marine fishes not identified,Marine fishes,demersal <30 cm,1,NA,
marine fishes,no match,NA,100139,Marine fishes not identified,Finfishes,demersal <30 cm,1,NA,
marine fishes,no match,NA,100339,Marine fishes not identified,Pelagic fishes,demersal <30 cm,1,NA,
homaridae,no match,NA,100043,Homaridae/Palinuridae,Lobsters spiny-rock lobsters,lobsters crab,1,NA,
king crabs,no match,NA,100044,King crabs squat-lobsters,Craylets squat lobsters,lobsters crab,1,NA,
miscellaneous marine,no match,NA,100047,Miscellaneous marine crustaceans,Marine crustaceans,lobsters crab,1,NA,
miscellaneous marine,no match,NA,100058,Miscellaneous marine molluscs,Marine molluscs,demersal mollusc,1,NA,
clams cockles,no match,NA,100056,Clams cockles arkshells,Clams cockles arkshells,demersal mollusc,1,NA,
starfish and,no match,NA,100176,Starfish and other echinoderms,Starfishes,demersal mollusc,1,NA,
sea-urchins and,no match,NA,100276,Sea-urchins and other echinoderms,Sea urchins,demersal mollusc,1,NA,
shrimps prawns,no match,NA,100345,Shrimps prawns,Natantian decapods,shrimp,1,NA,
macroramphosidae,no match,NA,400595,Macroramphosidae,Snipefishes,benthopelagic <30 cm,4,NA,
rhinobatos planiceps,pseudobatos planiceps,1043480,600149,Rhinobatos planiceps,Pacific guitarfish,rays <90 cm,6,pseudobatos planiceps,
pseudopentaceros richardsoni,pentaceros richardsoni,313240,603611,Pseudopentaceros richardsoni,Pelagic armorhead,pelagic 30 - 90 cm,6,pentaceros richardsoni,
dasyatis centroura,bathytoshia centroura,1017389,602572,Dasyatis centroura,Roughtail stingray,rays >=90 cm,6,bathytoshia centroura,
alectis alexandrinus,alectis alexandrina,401555,601888,Alectis alexandrinus,African threadfish,pelagic 30 - 90 cm,6,alectis alexandrina,
liza saliens,chelon saliens,1042832,601736,Liza saliens,Leaping mullet,demersal 30 - 90 cm,6,chelon saliens,
liza aurata,chelon auratus,1044127,601735,Liza aurata,Golden grey mullet,pelagic 30 - 90 cm,6,chelon auratus,
psetta maxima,scophthalmus maximus,127149,601348,Psetta maxima,Turbot,flatfish >=90 cm,6,scophthalmus maximus,
epinephelus niveatus,hyporthodus niveatus,475101,601208,Epinephelus niveatus,Snowy grouper,demersal >=90 cm,6,hyporthodus niveatus,
epinephelus nigritus,hyporthodus nigritus,475100,601207,Epinephelus nigritus,Warsaw grouper,demersal >=90 cm,6,hyporthodus nigritus,
epinephelus mystacinus,hyporthodus mystacinus,475099,601206,Epinephelus mystacinus,Misty grouper,bathydemersal >=90 cm,6,hyporthodus mystacinus,
epinephelus flavolimbatus,hyporthodus flavolimbatus,475077,601205,Epinephelus flavolimbatus,Yellowedge grouper,demersal >=90 cm,6,hyporthodus flavolimbatus,
dasyatis akajei,hemitrygon akajei,1042845,600940,Dasyatis akajei,Red stingray,rays >=90 cm,6,hemitrygon akajei,
centroselachus crepidater,centroscymnus crepidater,105908,600663,Centroselachus crepidater,Longnose velvet dogfish,shark >=90 cm,6,centroscymnus crepidater,
sebastes marinus,sebastes norvegicus,151324,600501,Sebastes marinus,Ocean perch,benthopelagic >=90 cm,6,sebastes norvegicus,
pleuragramma antarcticum,pleuragramma antarctica,712788,600472,Pleuragramma antarcticum,Antarctic silverfish,pelagic <30 cm,6,pleuragramma antarctica,
theragra chalcogramma,gadus chalcogrammus,300735,600318,Theragra chalcogramma,Alaska pollack,benthopelagic >=90 cm,6,gadus chalcogrammus,
gadus ogac,gadus macrocephalus,254538,600309,Gadus ogac,Greenland cod,demersal 30 - 90 cm,6,gadus macrocephalus,
pterothrissus belloci,nemoossis belloci,1043474,600229,Pterothrissus belloci,Longfin bonefish,bathydemersal 30 - 90 cm,6,nemoossis belloci,
tetrapturus audax,kajikia audax,712907,600223,Tetrapturus audax,Striped marlin,pelagic >=90 cm,6,kajikia audax,
tetrapturus albidus,kajikia albida,712906,600219,Tetrapturus albidus,Atlantic white marlin,pelagic >=90 cm,6,kajikia albida,
makaira indica,istiompax indica,712905,600217,Makaira indica,Black marlin,pelagic >=90 cm,6,istiompax indica,
cardium edule,cerastoderma edule,138998,690087,Cardium edule,Common edible cockle,demersal mollusc,6,cerastoderma edule,
aulacomya ater,aulacomya atra,505963,690081,Aulacomya ater,Cholga mussel,demersal mollusc,6,aulacomya atra,
melicertus kerathurus,penaeus kerathurus,246388,690070,Melicertus kerathurus,Caramote prawn,shrimp,6,penaeus kerathurus,
litopenaeus stylirostris,penaeus stylirostris,584982,690054,Litopenaeus stylirostris,Blue shrimp,shrimp,6,penaeus stylirostris,
anadara granosa,tegillarca granosa,504471,690050,Anadara granosa,Blood cockle,demersal mollusc,6,tegillarca granosa,
fenneropenaeus merguiensis,penaeus merguiensis,210377,690042,Fenneropenaeus merguiensis,Banana prawn,shrimp,6,penaeus merguiensis,
chelon haematocheilus,planiliza haematocheilus,1509599,657506,Chelon haematocheilus,So-iny (redlip) mullet,demersal 30 - 90 cm,6,planiliza haematocheilus,
liza klunzingeri,planiliza klunzingeri,1509598,646376,Liza klunzingeri,Klunzingers mullet,demersal <30 cm,6,planiliza klunzingeri,
himantura gerrardi,maculabatis gerrardi,1042867,615483,Himantura gerrardi,Sharpnose stingray,rays >=90 cm,6,maculabatis gerrardi,
abudefduf luridus,similiparma lurida,889885,611820,Abudefduf luridus,Canary damsel,reef-associated <30 cm,6,similiparma lurida,
arius thalassinus,netuma thalassina,281745,610220,Arius thalassinus,Giant seacatfish,demersal >=90 cm,6,netuma thalassina,
lepidonotothen larseni,nototheniops larseni,313400,607048,Lepidonotothen larseni,Lepidonotothen larseni,benthopelagic <30 cm,6,nototheniops larseni,
lepidonotothen nudifrons,lindbergichthys nudifrons,318861,607047,Lepidonotothen nudifrons,Gaudy notothen,demersal <30 cm,6,lindbergichthys nudifrons,
lepidonotothen mizops,lindbergichthys mizops,318860,607046,Lepidonotothen mizops,Toad notothen,benthopelagic <30 cm,6,lindbergichthys mizops,
dipturus linteus,rajella lintea,1019159,606422,Dipturus linteus,Sailray,rays >=90 cm,6,rajella lintea,
scolopsis taeniatus,scolopsis taeniata,712735,605889,Scolopsis taeniatus,Black-streaked monocle bream,reef-associated <30 cm,6,scolopsis taeniata,
valamugil seheli,crenimugil seheli,1043477,605659,Valamugil seheli,Bluespot mullet,reef-associated 30 - 90 cm,6,crenimugil seheli,
trigloporus lastoviza,chelidonichthys lastoviza,127261,605081,Trigloporus lastoviza,Streaked gurnard,demersal 30 - 90 cm,6,chelidonichthys lastoviza,
mugil soiuy,planiliza haematocheilus,1509599,604791,Mugil soiuy,So-iuy mullet,demersal 30 - 90 cm,6,planiliza haematocheilus,
triglopsis quadricornis,myoxocephalus quadricornis,254529,604122,Triglopsis quadricornis,Fourhorn sculpin,demersal 30 - 90 cm,6,myoxocephalus quadricornis,
loligo gahi,no match,-9999,690296,Loligo gahi,Patagonian squid,cephalopods,6,no match,
protothaca staminea,no match,-9999,690285,Protothaca staminea,Pacific littleneck clam,demersal mollusc,6,no match,
crassostrea gigas,no match,-9999,690283,Crassostrea gigas,Pacific cupped oyster,demersal mollusc,6,no match,
litopenaeus setiferus,no match,-9999,690272,Litopenaeus setiferus,Northern white shrimp,shrimp,6,no match,
farfantepenaeus duorarum,no match,-9999,690268,Farfantepenaeus duorarum,Northern pink shrimp,shrimp,6,no match,
farfantepenaeus aztecus,no match,-9999,690265,Farfantepenaeus aztecus,Northern brown shrimp,shrimp,6,no match,
ostrea lutaria,no match,-9999,690256,Ostrea lutaria,New Zealand dredge oyster,demersal mollusc,6,no match,
loligo pealeii,no match,-9999,690227,Loligo pealeii,Longfin squid,cephalopods,6,no match,
marsupenaeus japonicus,no match,-9999,690219,Marsupenaeus japonicus,Kuruma prawn,shrimp,6,no match,
mytilus coruscus,no match,-9999,690218,Mytilus coruscus,Korean mussel,demersal mollusc,6,no match,
ruditapes philippinarum,no match,-9999,690196,Ruditapes philippinarum,Japanese carpet shell,demersal mollusc,6,no match,
fenneropenaeus indicus,no match,-9999,690189,Fenneropenaeus indicus,Indian white prawn,shrimp,6,no match,
mactra sachalinensis,no match,-9999,690176,Mactra sachalinensis,Hen clam,demersal mollusc,6,no match,
scapharca cornea,no match,-9999,690169,Scapharca cornea,Half-crenated ark,demersal mollusc,6,no match,
parapenaeopsis atlantica,no match,-9999,690168,Parapenaeopsis atlantica,Guinea shrimp,shrimp,6,no match,
microcosmus sulcatus,no match,-9999,690167,Microcosmus sulcatus,Grooved sea squirt,demersal mollusc,6,no match,
jasus verreauxi,no match,-9999,690161,Jasus verreauxi,Green rock lobster,lobsters crab,6,no match,
fenneropenaeus chinensis,no match,-9999,690133,Fenneropenaeus chinensis,Fleshy prawn,shrimp,6,no match,
cancer magister,no match,-9999,690115,Cancer magister,Dungeness crab,lobsters crab,6,no match,
farfantepenaeus brevirostris,no match,-9999,690100,Farfantepenaeus brevirostris,Crystal shrimp,shrimp,6,no match,
cardium edule,no match,-9999,690087,Cardium edule,Common edible cockle,demersal mollusc,6,no match,
aulacomya ater,no match,-9999,690081,Aulacomya ater,Cholga mussel,demersal mollusc,6,no match,
melicertus kerathurus,no match,-9999,690070,Melicertus kerathurus,Caramote prawn,shrimp,6,no match,
litopenaeus stylirostris,no match,-9999,690054,Litopenaeus stylirostris,Blue shrimp,shrimp,6,no match,
anadara granosa,no match,-9999,690050,Anadara granosa,Blood cockle,demersal mollusc,6,no match,
fenneropenaeus merguiensis,no match,-9999,690042,Fenneropenaeus merguiensis,Banana prawn,shrimp,6,no match,
chelon haematocheilus,no match,-9999,657506,Chelon haematocheilus,So-iny (redlip) mullet,demersal 30 - 90 cm,6,no match,
liza klunzingeri,no match,-9999,646376,Liza klunzingeri,Klunzingers mullet,demersal <30 cm,6,no match,
himantura gerrardi,no match,-9999,615483,Himantura gerrardi,Sharpnose stingray,rays >=90 cm,6,no match,
abudefduf luridus,no match,-9999,611820,Abudefduf luridus,Canary damsel,reef-associated <30 cm,6,no match,
arius thalassinus,no match,-9999,610220,Arius thalassinus,Giant seacatfish,demersal >=90 cm,6,no match,
lepidonotothen larseni,no match,-9999,607048,Lepidonotothen larseni,Lepidonotothen larseni,benthopelagic <30 cm,6,no match,
lepidonotothen nudifrons,no match,-9999,607047,Lepidonotothen nudifrons,Gaudy notothen,demersal <30 cm,6,no match,
lepidonotothen mizops,no match,-9999,607046,Lepidonotothen mizops,Toad notothen,benthopelagic <30 cm,6,no match,
dipturus linteus,no match,-9999,606422,Dipturus linteus,Sailray,rays >=90 cm,6,no match,
scolopsis taeniatus,no match,-9999,605889,Scolopsis taeniatus,Black-streaked monocle bream,reef-associated <30 cm,6,no match,
valamugil seheli,no match,-9999,605659,Valamugil seheli,Bluespot mullet,reef-associated 30 - 90 cm,6,no match,
trigloporus lastoviza,no match,-9999,605081,Trigloporus lastoviza,Streaked gurnard,demersal 30 - 90 cm,6,no match,
mugil soiuy,no match,-9999,604791,Mugil soiuy,So-iuy mullet,demersal 30 - 90 cm,6,no match,
triglopsis quadricornis,no match,-9999,604122,Triglopsis quadricornis,Fourhorn sculpin,demersal 30 - 90 cm,6,no match,
pseudopentaceros richardsoni,no match,-9999,603611,Pseudopentaceros richardsoni,Pelagic armorhead,pelagic 30 - 90 cm,6,no match,
dasyatis centroura,no match,-9999,602572,Dasyatis centroura,Roughtail stingray,rays >=90 cm,6,no match,
alectis alexandrinus,no match,-9999,601888,Alectis alexandrinus,African threadfish,pelagic 30 - 90 cm,6,no match,
liza saliens,no match,-9999,601736,Liza saliens,Leaping mullet,demersal 30 - 90 cm,6,no match,
liza aurata,no match,-9999,601735,Liza aurata,Golden grey mullet,pelagic 30 - 90 cm,6,no match,
psetta maxima,no match,-9999,601348,Psetta maxima,Turbot,flatfish >=90 cm,6,no match,
epinephelus niveatus,no match,-9999,601208,Epinephelus niveatus,Snowy grouper,demersal >=90 cm,6,no match,
epinephelus nigritus,no match,-9999,601207,Epinephelus nigritus,Warsaw grouper,demersal >=90 cm,6,no match,
epinephelus mystacinus,no match,-9999,601206,Epinephelus mystacinus,Misty grouper,bathydemersal >=90 cm,6,no match,
epinephelus flavolimbatus,no match,-9999,601205,Epinephelus flavolimbatus,Yellowedge grouper,demersal >=90 cm,6,no match,
dasyatis akajei,no match,-9999,600940,Dasyatis akajei,Red stingray,rays >=90 cm,6,no match,
centroselachus crepidater,no match,-9999,600663,Centroselachus crepidater,Longnose velvet dogfish,shark >=90 cm,6,no match,
sebastes marinus,no match,-9999,600501,Sebastes marinus,Ocean perch,benthopelagic >=90 cm,6,no match,
pleuragramma antarcticum,no match,-9999,600472,Pleuragramma antarcticum,Antarctic silverfish,pelagic <30 cm,6,no match,
theragra chalcogramma,no match,-9999,600318,Theragra chalcogramma,Alaska pollack,benthopelagic >=90 cm,6,no match,
gadus ogac,no match,-9999,600309,Gadus ogac,Greenland cod,demersal 30 - 90 cm,6,no match,
pterothrissus belloci,no match,-9999,600229,Pterothrissus belloci,Longfin bonefish,bathydemersal 30 - 90 cm,6,no match,
tetrapturus audax,no match,-9999,600223,Tetrapturus audax,Striped marlin,pelagic >=90 cm,6,no match,
tetrapturus albidus,no match,-9999,600219,Tetrapturus albidus,Atlantic white marlin,pelagic >=90 cm,6,no match,
makaira indica,no match,-9999,600217,Makaira indica,Black marlin,pelagic >=90 cm,6,no match,
rhinobatos planiceps,no match,-9999,600149,Rhinobatos planiceps,Pacific guitarfish,rays <90 cm,6,no match,
rhinobatos percellens,no match,-9999,600140,Rhinobatos percellens,Chola guitarfish,rays >=90 cm,6,no match,
spisula ovalis,no match,-9999,690631,Spisula ovalis,Venus clam,demersal mollusc,6,no match,
pandalus kessleri,no match,-9999,690618,Pandalus kessleri,Grass shrimp,shrimp,6,no match,
pandalopsis japonica,no match,-9999,690615,Pandalopsis japonica,Sidestripe shrimp,shrimp,6,no match,
megabalanus psittacus,no match,-9999,690613,Megabalanus psittacus,Giant barnacle,demersal mollusc,6,no match,
pecten yessoensis,no match,-9999,690445,Pecten yessoensis,Yesso scallop,demersal mollusc,6,no match,
farfantepenaeus californiensis,no match,-9999,690444,Farfantepenaeus californiensis,Yellowleg shrimp,shrimp,6,no match,
litopenaeus vannamei,no match,-9999,690440,Litopenaeus vannamei,Whiteleg shrimp,shrimp,6,no match,
litopenaeus occidentalis,no match,-9999,690433,Litopenaeus occidentalis,Western white shrimp,shrimp,6,no match,
melicertus latisulcatus,no match,-9999,690432,Melicertus latisulcatus,Western king prawn,shrimp,6,no match,
chlamys varia,no match,-9999,690423,Chlamys varia,Variegated scallop,demersal mollusc,6,no match,
protothaca thaca,no match,-9999,690411,Protothaca thaca,Taca clam,demersal mollusc,6,no match,
venus gallina,no match,-9999,690404,Venus (=Chamelea) gallina,Striped venus,demersal mollusc,6,no match,
lithodes maia,no match,-9999,690399,Lithodes maia,Stone king crab,lobsters crab,6,no match,
farfantepenaeus notialis,no match,-9999,690378,Farfantepenaeus notialis,Southern pink shrimp,shrimp,6,no match,
lithodes antarcticus,no match,-9999,690377,Lithodes antarcticus,Southern king crab,lobsters crab,6,no match,
crassostrea iredalei,no match,-9999,690364,Crassostrea iredalei,Slipper cupped oyster,demersal mollusc,6,no match,
plesiopenaeus edwardsianus,no match,-9999,690343,Plesiopenaeus edwardsianus,Scarlet shrimp,shrimp,6,no match,
farfantepenaeus paulensis,no match,-9999,690338,Farfantepenaeus paulensis,Sao Paulo shrimp,shrimp,6,no match,
farfantepenaeus brasiliensis,no match,-9999,690327,Farfantepenaeus brasiliensis,Redspotted shrimp,shrimp,6,no match,
tapes pullastra,no match,-9999,690309,Tapes pullastra,Pullet carpet shell,demersal mollusc,6,no match,
loligo opalescens,NA,NA,690658,Loligo opalescens,California market squid,cephalopods,6,NA,NA
zidona dufresnei,NA,NA,690674,Zidona dufresnei,Angulate volute,demersal mollusc,6,NA,NA
tapes rhomboides,NA,NA,690675,Tapes rhomboides,Banded carpet shell,demersal mollusc,6,NA,NA
chlamys delicatula,NA,NA,690679,Chlamys delicatula,Delicate scallop,demersal mollusc,6,NA,NA
tawera gayi,NA,NA,690682,Tawera gayi,Gay's little venus,demersal mollusc,6,NA,NA
chione stutchburyi,NA,NA,690692,Chione stutchburyi,Stutchbury's venus,demersal mollusc,6,NA,NA
jasus novaehollandiae,NA,NA,690696,Jasus novaehollandiae,Southern rock lobster,lobsters crab,6,NA,NA
